Bin Id	Completeness	Contamination	Strain heterogeneity	# unique markers (of 43)	# multi-copy	Insertion branch UID	Taxonomy (contained)	Taxonomy (sister lineage)	GC	Genome size (Mbp)	Gene count	Coding density	Sample
C1_maxbin_15	100.0	2.4	0.0	43	0	UID2809	k__Bacteria;p__Bacteroidetes;c__Bacteroidia;o__Bacteroidales;f__Rikenellaceae;g__Alistipes	unresolved	54.7429843936	2.138611	1904	0.9102478197299999	C1
C1_maxbin_33	83.09	1.44	0.0	38	0	UID1286	k__Bacteria;p__Firmicutes;c__Clostridia;o__Clostridiales;f__Lachnospiraceae	g__Butyrivibrio	51.66004690649999	3.1333439999999997	2908	0.903887667616	C1
C1_metabat_01	94.03	0.94	0.0	43	0	UID2654	k__Bacteria;p__Bacteroidetes;c__Bacteroidia;o__Bacteroidales	f__Porphyromonadaceae_2;g__Barnesiella	46.366001844799996	4.2522660000000005	3591	0.895398594538	C1
C1_metabat_03	97.36	0.0	0.0	43	0	UID2654	k__Bacteria;p__Bacteroidetes;c__Bacteroidia;o__Bacteroidales	f__Porphyromonadaceae_2;g__Barnesiella	55.189269226499995	2.166083	1827	0.9223321543999999	C1
C1_metabat_04	97.33	1.44	0.0	43	0	UID2361	k__Bacteria;p__Tenericutes;c__Mollicutes	o__Acholeplasmatales;f__Acholeplasmataceae	32.201846618000005	1.920334	1744	0.9077754182350001	C1
C1_metabat_06	95.7	1.08	100.0	43	0	UID3304	k__Bacteria;p__Proteobacteria;c__Alphaproteobacteria	unresolved	43.807690417799996	1.7309150000000002	1710	0.8806960480439999	C1
C1_metabat_07	94.85	0.22	0.0	43	0	UID1226	k__Bacteria;p__Firmicutes;c__Clostridia;o__Clostridiales	unresolved	40.8523461506	1.855878	1579	0.881317090886	C1
C1_metabat_09	98.92	0.0	0.0	43	0	UID2806	k__Bacteria;p__Bacteroidetes;c__Bacteroidia;o__Bacteroidales;f__Porphyromonadaceae;g__Odoribacter	s__Odoribacter_splanchnicus	43.5067455142	2.429837	2107	0.922931455896	C1
C1_metabat_11	98.81	0.6	50.0	43	0	UID2655	k__Bacteria;p__Bacteroidetes;c__Bacteroidia;o__Bacteroidales;f__Porphyromonadaceae_2	g__Barnesiella	56.1607588905	2.4300740000000003	1981	0.893317240545	C1
C1_metabat_12	94.35	0.0	0.0	41	0	UID1119	k__Bacteria;p__Firmicutes;c__Clostridia;o__Clostridiales	unresolved	48.7609832375	1.5245959999999998	1354	0.919892876539	C1
C1_metabat_13	95.03	1.67	50.0	42	0	UID2722	k__Bacteria;p__Bacteroidetes;c__Bacteroidia;o__Bacteroidales;f__Prevotellaceae;g__Prevotella	unresolved	47.7161425054	3.2083	2932	0.878039771842	C1
C1_metabat_14_sub	71.08	7.71	7.89	32	1	UID1287	k__Bacteria;p__Firmicutes;c__Clostridia;o__Clostridiales;f__Lachnospiraceae	g__;s__	44.8395985629	5.472239	6268	0.879241385473	C1
C1_metabat_15_sub	88.37	1.83	20.0	42	0	UID2617	k__Bacteria;p__Bacteroidetes;c__Bacteroidia;o__Bacteroidales	f__Rikenellaceae;g__Alistipes	49.256652878999994	2.059534	2026	0.913100730554	C1
C1_metabat_16	93.99	0.0	0.0	43	0	UID2809	k__Bacteria;p__Bacteroidetes;c__Bacteroidia;o__Bacteroidales;f__Rikenellaceae;g__Alistipes	unresolved	65.6775507534	1.941497	1762	0.886180097111	C1
C1_metabat_19	88.44	2.15	33.33	39	1	UID2655	k__Bacteria;p__Bacteroidetes;c__Bacteroidia;o__Bacteroidales;f__Porphyromonadaceae_2	g__Barnesiella	51.813275736899996	2.3529240000000002	2301	0.895444136742	C1
C1_metabat_20	88.79	3.39	28.57	42	0	UID1121	k__Bacteria;p__Firmicutes;c__Clostridia;o__Clostridiales	f__Eubacteriaceae	50.9048201861	1.708561	1656	0.8999824998929999	C1
C1_metabat_21_sub	88.01	0.72	0.0	42	0	UID2808	k__Bacteria;p__Bacteroidetes;c__Bacteroidia;o__Bacteroidales;f__Rikenellaceae;g__Alistipes	unresolved	57.92828978479999	1.820789	1736	0.883509291851	C1
C1_metabat_22	85.7	4.69	35.29	39	3	UID1293	k__Bacteria;p__Firmicutes;c__Clostridia;o__Clostridiales;f__Lachnospiraceae	unresolved	39.9470335583	3.9878080000000002	4041	0.8530400661220001	C1
C1_metabat_23	76.7	1.02	0.0	35	1	UID3058	k__Bacteria;p__Verrucomicrobia;c__Verrucomicrobiae;o__Verrucomicrobiales;f__Verrucomicrobiaceae	g__Akkermansia;s__Akkermansia_muciniphila	56.0680492185	2.006724	2125	0.881626970126	C1
C1_metabat_24	88.38	5.18	26.32	36	2	UID1279	k__Bacteria;p__Firmicutes;c__Clostridia;o__Clostridiales;f__Lachnospiraceae	f__Peptostreptococcaceae;g__Clostridium;s__Clostridium_scindens	45.799342287200005	3.815343	4138	0.890415619251	C1
C1_metabat_25	72.89	0.86	66.67	34	1	UID1119	k__Bacteria;p__Firmicutes;c__Clostridia;o__Clostridiales	unresolved	47.0105519917	1.060179	1180	0.901988249154	C1
C1_metabat_26	74.22	0.75	50.0	23	0	UID4182	k__Bacteria;p__Proteobacteria;c__Betaproteobacteria;o__Burkholderiales;f__Sutterellaceae;g__Sutterella	unresolved	44.3862380793	2.017916	2151	0.886443241443	C1
C1_metabat_27	67.85	0.95	25.0	32	2	UID3259	k__Bacteria;p__Proteobacteria;c__Deltaproteobacteria;o__Desulfovibrionales;f__Desulfovibrionaceae;g__Desulfovibrio	g__Bilophila;s__Bilophila_wadsworthia	60.7693661111	2.0463	2184	0.8719576797149999	C1
C1_metabat_31	54.31	2.01	0.0	27	0	UID2655	k__Bacteria;p__Bacteroidetes;c__Bacteroidia;o__Bacteroidales;f__Porphyromonadaceae_2	g__Barnesiella	51.3397627698	1.12296	1186	0.926012502672	C1
C1_metabat_32	75.48	3.22	41.67	40	0	UID2655	k__Bacteria;p__Bacteroidetes;c__Bacteroidia;o__Bacteroidales;f__Porphyromonadaceae_2	g__Barnesiella	56.604070237100004	1.939887	1879	0.906316708138	C1
C1_metabat_33	70.43	3.85	20.0	31	2	UID2142	k__Bacteria	p__Cyanobacteria	34.013996539299995	1.4297819999999999	1647	0.899053142367	C1
C1_metabat_38	30.93	0.83	0.0	17	0	UID1118	k__Bacteria;p__Firmicutes;c__Clostridia	o__Clostridiales	45.1702638692	0.5974550000000001	754	0.9117958674709999	C1
C13_maxbin_03	99.04	0.03	0.0	42	0	UID2809	k__Bacteria;p__Bacteroidetes;c__Bacteroidia;o__Bacteroidales;f__Rikenellaceae;g__Alistipes	unresolved	54.9714930884	1.941459	1698	0.913878686081	C13
C13_maxbin_14_sub	84.91	0.0	0.0	42	0	UID2654	k__Bacteria;p__Bacteroidetes;c__Bacteroidia;o__Bacteroidales	f__Porphyromonadaceae_2;g__Barnesiella	55.924428588000005	1.8060209999999999	1510	0.924500877897	C13
C13_maxbin_20_sub	97.96	0.0	0.0	43	0	UID3058	k__Bacteria;p__Verrucomicrobia;c__Verrucomicrobiae;o__Verrucomicrobiales;f__Verrucomicrobiaceae	g__Akkermansia;s__Akkermansia_muciniphila	55.5541988279	2.842015	2466	0.882542843722	C13
C13_maxbin_26	99.04	0.96	50.0	42	0	UID2809	k__Bacteria;p__Bacteroidetes;c__Bacteroidia;o__Bacteroidales;f__Rikenellaceae;g__Alistipes	unresolved	64.67162779510001	2.178771	1825	0.885776889815	C13
C13_metabat_04	97.85	0.0	0.0	43	0	UID2806	k__Bacteria;p__Bacteroidetes;c__Bacteroidia;o__Bacteroidales;f__Porphyromonadaceae;g__Odoribacter	s__Odoribacter_splanchnicus	43.8244616875	2.348775	2016	0.9215348426309999	C13
C13_metabat_06	81.19	0.38	0.0	41	0	UID2655	k__Bacteria;p__Bacteroidetes;c__Bacteroidia;o__Bacteroidales;f__Porphyromonadaceae_2	g__Barnesiella	47.17907207020001	3.325661	2713	0.896508092677	C13
C13_metabat_07	97.74	0.38	0.0	43	0	UID2654	k__Bacteria;p__Bacteroidetes;c__Bacteroidia;o__Bacteroidales	f__Porphyromonadaceae_2;g__Barnesiella	52.2846934038	2.507476	2043	0.897403205454	C13
C13_metabat_09	75.16	1.89	0.0	41	0	UID2655	k__Bacteria;p__Bacteroidetes;c__Bacteroidia;o__Bacteroidales;f__Porphyromonadaceae_2	g__Barnesiella	48.169992786899996	2.209982	1896	0.91059565191	C13
C13_metabat_11	98.81	0.0	0.0	43	0	UID2655	k__Bacteria;p__Bacteroidetes;c__Bacteroidia;o__Bacteroidales;f__Porphyromonadaceae_2	g__Barnesiella	56.4265738112	2.36373	1904	0.894831050924	C13
C13_metabat_12	98.75	0.0	0.0	43	0	UID4182	k__Bacteria;p__Proteobacteria;c__Betaproteobacteria;o__Burkholderiales;f__Sutterellaceae;g__Sutterella	unresolved	44.244099688	2.5698369999999997	2306	0.879217631313	C13
C13_metabat_13	97.92	0.38	0.0	43	0	UID2655	k__Bacteria;p__Bacteroidetes;c__Bacteroidia;o__Bacteroidales;f__Porphyromonadaceae_2	g__Barnesiella	54.982859248100006	2.22579	1840	0.9042043499160001	C13
C13_metabat_14	48.11	0.0	0.0	27	0	UID2655	k__Bacteria;p__Bacteroidetes;c__Bacteroidia;o__Bacteroidales;f__Porphyromonadaceae_2	g__Barnesiella	51.8036042755	0.954644	863	0.9192002463750001	C13
C13_metabat_15	96.34	0.31	50.0	43	0	UID2671	k__Bacteria;p__Bacteroidetes;c__Bacteroidia;o__Bacteroidales;f__Bacteroidaceae;g__Bacteroides;s__Bacteroides_uniformis	unresolved	47.1371280092	3.5991480000000005	3164	0.896539403214	C13
C13_metabat_16	92.26	0.57	100.0	42	0	UID2655	k__Bacteria;p__Bacteroidetes;c__Bacteroidia;o__Bacteroidales;f__Porphyromonadaceae_2	g__Barnesiella	54.4560607602	2.330343	1917	0.9290688109	C13
C13_metabat_18	97.27	2.77	27.27	27	0	UID2654	k__Bacteria;p__Bacteroidetes;c__Bacteroidia;o__Bacteroidales	f__Porphyromonadaceae_2;g__Barnesiella	48.849932954799996	2.845195	2464	0.896581780862	C13
C13_metabat_20	98.56	0.96	0.0	42	0	UID2809	k__Bacteria;p__Bacteroidetes;c__Bacteroidia;o__Bacteroidales;f__Rikenellaceae;g__Alistipes	unresolved	64.0581663733	1.7405869999999999	1548	0.870044990569	C13
C13_metabat_21	95.7	0.0	0.0	43	0	UID3304	k__Bacteria;p__Proteobacteria;c__Alphaproteobacteria	unresolved	44.3015343246	1.603772	1602	0.8887691018420001	C13
C13_metabat_23_sub	95.19	1.96	16.67	42	1	UID2808	k__Bacteria;p__Bacteroidetes;c__Bacteroidia;o__Bacteroidales;f__Rikenellaceae;g__Alistipes	unresolved	57.7809283708	2.064109	1874	0.882231994531	C13
C13_metabat_24	97.22	0.56	0.0	43	0	UID2722	k__Bacteria;p__Bacteroidetes;c__Bacteroidia;o__Bacteroidales;f__Prevotellaceae;g__Prevotella	unresolved	48.180938454700005	3.081534	2633	0.8811497779999999	C13
C13_metabat_25	95.76	1.13	66.67	39	0	UID2655	k__Bacteria;p__Bacteroidetes;c__Bacteroidia;o__Bacteroidales;f__Porphyromonadaceae_2	g__Barnesiella	51.1837946561	2.385929	1969	0.891243201286	C13
C13_metabat_27	89.2	0.69	100.0	41	0	UID2655	k__Bacteria;p__Bacteroidetes;c__Bacteroidia;o__Bacteroidales;f__Porphyromonadaceae_2	g__Barnesiella	51.3028797499	2.533236	2205	0.887332644886	C13
C13_metabat_29	83.42	0.22	0.0	43	0	UID1226	k__Bacteria;p__Firmicutes;c__Clostridia;o__Clostridiales	unresolved	42.1180680316	1.483399	1369	0.8918766966949999	C13
C13_metabat_30	91.03	1.98	33.33	43	0	UID2617	k__Bacteria;p__Bacteroidetes;c__Bacteroidia;o__Bacteroidales	f__Rikenellaceae;g__Alistipes	49.439426770699995	2.190258	1995	0.913117541404	C13
C13_metabat_31	74.6	0.02	100.0	38	1	UID3259	k__Bacteria;p__Proteobacteria;c__Deltaproteobacteria;o__Desulfovibrionales;f__Desulfovibrionaceae;g__Desulfovibrio	g__Bilophila;s__Bilophila_wadsworthia	61.128784763199995	2.26137	2338	0.8679437686	C13
C13_metabat_33	77.7	1.61	0.0	38	0	UID1119	k__Bacteria;p__Firmicutes;c__Clostridia;o__Clostridiales	unresolved	50.036454011000004	1.150765	1167	0.9285666491419999	C13
C13_metabat_34	78.28	2.77	14.29	38	4	UID1286	k__Bacteria;p__Firmicutes;c__Clostridia;o__Clostridiales;f__Lachnospiraceae	g__Butyrivibrio	41.0894960461	3.30695	3809	0.897821860022	C13
C14_maxbin_05_sub	93.72	19.51	12.28	33	5	UID2808	k__Bacteria;p__Bacteroidetes;c__Bacteroidia;o__Bacteroidales;f__Rikenellaceae;g__Alistipes	unresolved	58.5769698791	2.3563709999999998	2210	0.892723174746	C14
C14_maxbin_19_sub	97.96	0.0	0.0	43	0	UID3058	k__Bacteria;p__Verrucomicrobia;c__Verrucomicrobiae;o__Verrucomicrobiales;f__Verrucomicrobiaceae	g__Akkermansia;s__Akkermansia_muciniphila	55.7498466801	2.843828	2492	0.886065542642	C14
C14_metabat_02	97.36	0.13	100.0	43	0	UID2654	k__Bacteria;p__Bacteroidetes;c__Bacteroidia;o__Bacteroidales	f__Porphyromonadaceae_2;g__Barnesiella	55.2956416009	2.164948	1833	0.9214055025799999	C14
C14_metabat_03	99.52	2.64	0.0	43	0	UID2809	k__Bacteria;p__Bacteroidetes;c__Bacteroidia;o__Bacteroidales;f__Rikenellaceae;g__Alistipes	unresolved	64.4102417456	2.468876	2180	0.8872790695039999	C14
C14_metabat_04	99.52	0.96	50.0	43	0	UID2809	k__Bacteria;p__Bacteroidetes;c__Bacteroidia;o__Bacteroidales;f__Rikenellaceae;g__Alistipes	unresolved	55.437243081800005	1.8147799999999998	1551	0.921375042705	C14
C14_metabat_05	97.74	0.0	0.0	43	0	UID2654	k__Bacteria;p__Bacteroidetes;c__Bacteroidia;o__Bacteroidales	f__Porphyromonadaceae_2;g__Barnesiella	52.4110778854	2.433222	1989	0.8955672766399999	C14
C14_metabat_06	83.27	0.38	0.0	42	0	UID2654	k__Bacteria;p__Bacteroidetes;c__Bacteroidia;o__Bacteroidales	f__Porphyromonadaceae_2;g__Barnesiella	47.0283047539	3.701775	3068	0.895088437304	C14
C14_metabat_07	98.81	0.0	0.0	43	0	UID2655	k__Bacteria;p__Bacteroidetes;c__Bacteroidia;o__Bacteroidales;f__Porphyromonadaceae_2	g__Barnesiella	56.362428838599996	2.409135	1944	0.894320575642	C14
C14_metabat_08	97.55	0.38	0.0	43	0	UID2655	k__Bacteria;p__Bacteroidetes;c__Bacteroidia;o__Bacteroidales;f__Porphyromonadaceae_2	g__Barnesiella	55.1532140371	2.188087	1824	0.903704011769	C14
C14_metabat_10_sub	68.73	1.79	0.0	38	0	UID2655	k__Bacteria;p__Bacteroidetes;c__Bacteroidia;o__Bacteroidales;f__Porphyromonadaceae_2	g__Barnesiella	50.5685360278	1.847904	1777	0.91184823454	C14
C14_metabat_11	94.39	5.95	0.0	41	1	UID2809	k__Bacteria;p__Bacteroidetes;c__Bacteroidia;o__Bacteroidales;f__Rikenellaceae;g__Alistipes	unresolved	63.6011212099	1.7828169999999999	1587	0.879667402768	C14
C14_metabat_12	96.23	0.0	0.0	42	0	UID2655	k__Bacteria;p__Bacteroidetes;c__Bacteroidia;o__Bacteroidales;f__Porphyromonadaceae_2	g__Barnesiella	54.630028503199995	2.349208	1951	0.93091799449	C14
C14_metabat_13	55.35	0.0	0.0	40	0	UID2655	k__Bacteria;p__Bacteroidetes;c__Bacteroidia;o__Bacteroidales;f__Porphyromonadaceae_2	g__Barnesiella	49.40132039149999	1.416701	1192	0.921629899322	C14
C14_metabat_14	90.16	2.64	100.0	33	0	UID2654	k__Bacteria;p__Bacteroidetes;c__Bacteroidia;o__Bacteroidales	f__Porphyromonadaceae_2;g__Barnesiella	51.2823777471	2.668654	2348	0.890092158819	C14
C14_metabat_16	87.32	2.13	30.77	25	3	UID2654	k__Bacteria;p__Bacteroidetes;c__Bacteroidia;o__Bacteroidales	f__Porphyromonadaceae_2;g__Barnesiella	49.7174107839	2.378287	2119	0.907265607557	C14
C14_metabat_17	85.77	1.32	0.0	15	0	UID2655	k__Bacteria;p__Bacteroidetes;c__Bacteroidia;o__Bacteroidales;f__Porphyromonadaceae_2	g__Barnesiella	51.812839671499994	2.1058950000000003	1786	0.899289850634	C14
C14_metabat_18	87.74	0.42	0.0	41	2	UID4182	k__Bacteria;p__Proteobacteria;c__Betaproteobacteria;o__Burkholderiales;f__Sutterellaceae;g__Sutterella	unresolved	45.0796883925	2.057075	2054	0.899146117667	C14
C14_metabat_20	81.29	0.2	33.33	41	1	UID3259	k__Bacteria;p__Proteobacteria;c__Deltaproteobacteria;o__Desulfovibrionales;f__Desulfovibrionaceae;g__Desulfovibrio	g__Bilophila;s__Bilophila_wadsworthia	62.2426117771	2.145543	2143	0.874932825863	C14
C2_maxbin_04	99.52	0.48	0.0	43	0	UID2809	k__Bacteria;p__Bacteroidetes;c__Bacteroidia;o__Bacteroidales;f__Rikenellaceae;g__Alistipes	unresolved	54.9029368357	1.9426009999999998	1667	0.916241678039	C2
C2_maxbin_06	94.95	0.0	0.0	42	0	UID2809	k__Bacteria;p__Bacteroidetes;c__Bacteroidia;o__Bacteroidales;f__Rikenellaceae;g__Alistipes	unresolved	65.8880083068	1.9185279999999998	1650	0.890030273209	C2
C2_maxbin_11	97.96	0.0	0.0	43	0	UID3058	k__Bacteria;p__Verrucomicrobia;c__Verrucomicrobiae;o__Verrucomicrobiales;f__Verrucomicrobiaceae	g__Akkermansia;s__Akkermansia_muciniphila	55.6168735787	2.75731	2359	0.883583637676	C2
C2_maxbin_12	95.7	0.0	0.0	43	0	UID3304	k__Bacteria;p__Proteobacteria;c__Alphaproteobacteria	unresolved	43.8511165062	1.750547	1747	0.881483330639	C2
C2_maxbin_30	64.82	4.81	15.38	35	3	UID1226	k__Bacteria;p__Firmicutes;c__Clostridia;o__Clostridiales	f__Ruminococcaceae	50.5464420738	1.181278	1291	0.900787113618	C2
C2_maxbin_32	81.19	3.88	0.0	40	1	UID3259	k__Bacteria;p__Proteobacteria;c__Deltaproteobacteria;o__Desulfovibrionales;f__Desulfovibrionaceae;g__Desulfovibrio	g__Bilophila;s__Bilophila_wadsworthia	62.3366705862	2.122704	2251	0.866546159992	C2
C2_metabat_01	100.0	0.0	0.0	43	0	UID2806	k__Bacteria;p__Bacteroidetes;c__Bacteroidia;o__Bacteroidales;f__Porphyromonadaceae;g__Odoribacter	s__Odoribacter_splanchnicus	43.6752593155	2.486932	2068	0.9201305061820001	C2
C2_metabat_04	97.36	0.0	0.0	43	0	UID2654	k__Bacteria;p__Bacteroidetes;c__Bacteroidia;o__Bacteroidales	f__Porphyromonadaceae_2;g__Barnesiella	55.196902441599995	2.1787900000000002	1836	0.921272357593	C2
C2_metabat_05	99.43	0.38	0.0	43	0	UID2654	k__Bacteria;p__Bacteroidetes;c__Bacteroidia;o__Bacteroidales	f__Porphyromonadaceae_2;g__Barnesiella	52.0811121449	2.548673	2093	0.897060941125	C2
C2_metabat_06	91.38	0.75	0.0	42	0	UID2654	k__Bacteria;p__Bacteroidetes;c__Bacteroidia;o__Bacteroidales	f__Porphyromonadaceae_2;g__Barnesiella	46.3421152762	4.142084	3462	0.894405811181	C2
C2_metabat_08	98.75	0.0	0.0	43	0	UID4182	k__Bacteria;p__Proteobacteria;c__Betaproteobacteria;o__Burkholderiales;f__Sutterellaceae;g__Sutterella	unresolved	44.2434546972	2.571386	2322	0.880998418752	C2
C2_metabat_09_sub	95.72	0.75	0.0	42	0	UID2654	k__Bacteria;p__Bacteroidetes;c__Bacteroidia;o__Bacteroidales	f__Porphyromonadaceae_2;g__Barnesiella	46.7089514029	3.273664	3001	0.901835374675	C2
C2_metabat_10	94.85	0.22	0.0	43	0	UID1226	k__Bacteria;p__Firmicutes;c__Clostridia;o__Clostridiales	unresolved	40.8153222731	1.843473	1587	0.880759848395	C2
C2_metabat_12	98.81	0.0	0.0	43	0	UID2655	k__Bacteria;p__Bacteroidetes;c__Bacteroidia;o__Bacteroidales;f__Porphyromonadaceae_2	g__Barnesiella	56.184512533900005	2.44427	1979	0.893747417429	C2
C2_metabat_13	97.92	0.57	0.0	43	0	UID2655	k__Bacteria;p__Bacteroidetes;c__Bacteroidia;o__Bacteroidales;f__Porphyromonadaceae_2	g__Barnesiella	54.8765277905	2.2778810000000003	1907	0.903312332822	C2
C2_metabat_15	94.76	0.0	0.0	41	0	UID1119	k__Bacteria;p__Firmicutes;c__Clostridia;o__Clostridiales	unresolved	48.7373671195	1.564469	1380	0.9199952188249999	C2
C2_metabat_17	87.7	2.2	0.0	34	1	UID2663	k__Bacteria;p__Bacteroidetes;c__Bacteroidia;o__Bacteroidales;f__Bacteroidaceae;g__Bacteroides	s__Bacteroides_uniformis	46.6400197612	3.347981	3277	0.8959555027339999	C2
C2_metabat_19	88.71	0.29	50.0	40	0	UID1119	k__Bacteria;p__Firmicutes;c__Clostridia;o__Clostridiales	unresolved	48.9436428616	1.4740280000000001	1418	0.901575139685	C2
C2_metabat_20	96.21	0.83	40.0	39	0	UID2655	k__Bacteria;p__Bacteroidetes;c__Bacteroidia;o__Bacteroidales;f__Porphyromonadaceae_2	g__Barnesiella	54.05403954810001	2.4221150000000002	2160	0.927745379555	C2
C2_metabat_21	88.78	0.0	0.0	38	0	UID2655	k__Bacteria;p__Bacteroidetes;c__Bacteroidia;o__Bacteroidales;f__Porphyromonadaceae_2	g__Barnesiella	51.273514856599995	2.43721	2109	0.890763208751	C2
C2_metabat_22	88.26	0.34	0.0	43	0	UID1226	k__Bacteria;p__Firmicutes;c__Clostridia;o__Clostridiales	unresolved	41.147234365100005	1.6568889999999998	1466	0.885804661628	C2
C2_metabat_23	48.15	4.57	5.0	23	1	UID2690	k__Bacteria;p__Bacteroidetes;c__Bacteroidia;o__Bacteroidales;f__Bacteroidaceae;g__Bacteroides	unresolved	44.0769314329	2.651344	3003	0.904641570464	C2
C2_metabat_24	79.16	2.46	8.33	33	5	UID1248	k__Bacteria;p__Firmicutes;c__Clostridia;o__Clostridiales	unresolved	36.574971259099996	2.806102	2859	0.874855226218	C2
C2_metabat_26_sub	90.95	2.03	28.57	41	1	UID2809	k__Bacteria;p__Bacteroidetes;c__Bacteroidia;o__Bacteroidales;f__Rikenellaceae;g__Alistipes	unresolved	64.0205862237	1.587858	1529	0.870543209783	C2
C2_metabat_29	62.53	8.05	10.71	32	3	UID1286	k__Bacteria;p__Firmicutes;c__Clostridia;o__Clostridiales;f__Lachnospiraceae	g__Butyrivibrio	40.6120363175	2.873653	3462	0.896456879101	C2
C2_metabat_31	86.25	1.46	40.0	38	1	UID2617	k__Bacteria;p__Bacteroidetes;c__Bacteroidia;o__Bacteroidales	f__Rikenellaceae;g__Alistipes	48.8069351791	2.220332	2160	0.907003096834	C2
C2_metabat_34	73.46	0.86	0.0	40	0	UID3189	k__Bacteria;p__Deferribacteres;c__Deferribacteres;o__Deferribacterales;f__Deferribacteraceae	unresolved	33.2713677712	1.377109	1525	0.885348944782	C2
C2_metabat_35	85.33	0.0	0.0	42	0	UID2361	k__Bacteria;p__Tenericutes;c__Mollicutes	o__Acholeplasmatales;f__Acholeplasmataceae	33.6629571205	1.042805	1139	0.9155565997480001	C2
C2_metabat_44_sub	30.71	0.97	0.0	16	0	UID2130	k__Bacteria;p__Actinobacteria;c__Actinobacteria;o__Coriobacteriales;f__Coriobacteriaceae	g__Olsenella;s__Atopobium_vaginae	68.55424559939999	0.67093	802	0.878298779306	C2
C3_maxbin_02	94.76	0.03	0.0	43	0	UID1119	k__Bacteria;p__Firmicutes;c__Clostridia;o__Clostridiales	unresolved	47.57725066729999	2.000118	1852	0.899869407705	C3
C3_maxbin_22	97.96	0.0	0.0	43	0	UID3058	k__Bacteria;p__Verrucomicrobia;c__Verrucomicrobiae;o__Verrucomicrobiales;f__Verrucomicrobiaceae	g__Akkermansia;s__Akkermansia_muciniphila	55.6063672584	2.815943	2445	0.8825373951109999	C3
C3_metabat_02	90.14	0.48	100.0	42	0	UID2809	k__Bacteria;p__Bacteroidetes;c__Bacteroidia;o__Bacteroidales;f__Rikenellaceae;g__Alistipes	unresolved	65.9907454923	1.837691	1523	0.889157644022	C3
C3_metabat_05	97.36	0.0	0.0	43	0	UID2654	k__Bacteria;p__Bacteroidetes;c__Bacteroidia;o__Bacteroidales	f__Porphyromonadaceae_2;g__Barnesiella	54.951641324300006	2.2160279999999997	1866	0.918722597368	C3
C3_metabat_06	78.18	0.38	0.0	40	0	UID2655	k__Bacteria;p__Bacteroidetes;c__Bacteroidia;o__Bacteroidales;f__Porphyromonadaceae_2	g__Barnesiella	46.8509808667	3.71875	3048	0.895115563025	C3
C3_metabat_08	99.43	0.38	100.0	43	0	UID2654	k__Bacteria;p__Bacteroidetes;c__Bacteroidia;o__Bacteroidales	f__Porphyromonadaceae_2;g__Barnesiella	52.2065382232	2.498104	2041	0.895392265494	C3
C3_metabat_10	91.13	0.0	0.0	43	0	UID2655	k__Bacteria;p__Bacteroidetes;c__Bacteroidia;o__Bacteroidales;f__Porphyromonadaceae_2	g__Barnesiella	56.841682828100005	2.1879169999999997	1743	0.897960023164	C3
C3_metabat_11	93.32	5.09	5.88	31	1	UID2655	k__Bacteria;p__Bacteroidetes;c__Bacteroidia;o__Bacteroidales;f__Porphyromonadaceae_2	g__Barnesiella	53.9195143676	2.624966	2421	0.9252797940999999	C3
C3_metabat_12	91.4	2.26	75.0	39	0	UID2655	k__Bacteria;p__Bacteroidetes;c__Bacteroidia;o__Bacteroidales;f__Porphyromonadaceae_2	g__Barnesiella	50.8427834261	2.678866	2359	0.8888369183079999	C3
C3_metabat_13	95.77	1.18	0.0	42	1	UID2722	k__Bacteria;p__Bacteroidetes;c__Bacteroidia;o__Bacteroidales;f__Prevotellaceae;g__Prevotella	unresolved	48.363231088999996	3.031041	2655	0.881664748184	C3
C3_metabat_15	95.9	23.3	2.47	33	4	UID2809	k__Bacteria;p__Bacteroidetes;c__Bacteroidia;o__Bacteroidales;f__Rikenellaceae;g__Alistipes	unresolved	54.8071943279	2.730562	2830	0.916821152569	C3
C3_metabat_16	93.44	1.56	33.33	42	0	UID4182	k__Bacteria;p__Proteobacteria;c__Betaproteobacteria;o__Burkholderiales;f__Sutterellaceae;g__Sutterella	unresolved	44.3304110495	2.4182	2374	0.883484823422	C3
C3_metabat_17	93.55	1.08	0.0	42	1	UID3304	k__Bacteria;p__Proteobacteria;c__Alphaproteobacteria	unresolved	44.1684261595	1.616196	1649	0.8842912617030001	C3
C3_metabat_20	84.5	0.88	50.0	37	0	UID2130	k__Bacteria;p__Actinobacteria;c__Actinobacteria;o__Coriobacteriales;f__Coriobacteriaceae	g__Olsenella;s__Atopobium_vaginae	68.90262226979999	1.657114	1729	0.880044462843	C3
C3_metabat_21	59.06	2.95	16.67	36	2	UID3189	k__Bacteria;p__Deferribacteres;c__Deferribacteres;o__Deferribacterales;f__Deferribacteraceae	unresolved	32.9193423827	1.104633	1213	0.882801799331	C3
C3_metabat_23	67.8	0.99	0.0	34	0	UID2808	k__Bacteria;p__Bacteroidetes;c__Bacteroidia;o__Bacteroidales;f__Rikenellaceae;g__Alistipes	unresolved	58.5156114025	1.465115	1497	0.8945407015829999	C3
C3_metabat_24	81.33	0.11	0.0	42	0	UID2361	k__Bacteria;p__Tenericutes;c__Mollicutes	o__Acholeplasmatales;f__Acholeplasmataceae	33.4332585927	1.0654629999999998	1149	0.915549390265	C3
C3_metabat_25	38.74	0.22	0.0	21	0	UID1236	k__Bacteria;p__Firmicutes;c__Clostridia;o__Clostridiales;f__Ruminococcaceae	g__Anaerotruncus;s__Anaerotruncus_colihominis	56.411853572700004	1.139842	1308	0.862571303742	C3
C3_metabat_29	56.06	0.72	0.0	20	0	UID2806	k__Bacteria;p__Bacteroidetes;c__Bacteroidia;o__Bacteroidales;f__Porphyromonadaceae;g__Odoribacter	s__Odoribacter_splanchnicus	43.8475238142	1.407669	1535	0.926562991726	C3
C3_metabat_30	52.48	0.0	0.0	35	0	UID3259	k__Bacteria;p__Proteobacteria;c__Deltaproteobacteria;o__Desulfovibrionales;f__Desulfovibrionaceae;g__Desulfovibrio	g__Bilophila;s__Bilophila_wadsworthia	62.28253104310001	1.314383	1494	0.878819948219	C3
C4_maxbin_04_sub	67.49	9.74	0.0	28	0	UID2142	k__Bacteria	p__Cyanobacteria	33.1861652803	1.8785779999999999	2629	0.8756410433849999	C4
C4_maxbin_08_sub	56.54	10.73	0.0	22	0	UID1213	k__Bacteria;p__Firmicutes;c__Clostridia;o__Clostridiales;f__Peptostreptococcaceae_3;g__Clostridium_3	unresolved	46.4029266512	1.550441	2173	0.870142752933	C4
C4_maxbin_16	94.76	0.03	0.0	43	0	UID1119	k__Bacteria;p__Firmicutes;c__Clostridia;o__Clostridiales	unresolved	47.37608147939999	2.0357529999999997	1921	0.900340561944	C4
C4_maxbin_18	95.75	5.53	18.18	37	2	UID2809	k__Bacteria;p__Bacteroidetes;c__Bacteroidia;o__Bacteroidales;f__Rikenellaceae;g__Alistipes	unresolved	55.498689594700004	1.8353099999999998	1767	0.9178749094159999	C4
C4_maxbin_23	90.86	0.6	0.0	40	2	UID2806	k__Bacteria;p__Bacteroidetes;c__Bacteroidia;o__Bacteroidales;f__Porphyromonadaceae;g__Odoribacter	s__Odoribacter_splanchnicus	43.4976826189	2.223415	2039	0.918684096311	C4
C4_maxbin_28	93.15	0.83	0.0	43	0	UID1119	k__Bacteria;p__Firmicutes;c__Clostridia;o__Clostridiales	unresolved	49.36186747520001	1.69875	1363	0.865987343635	C4
C4_maxbin_29	97.84	0.48	0.0	42	0	UID2809	k__Bacteria;p__Bacteroidetes;c__Bacteroidia;o__Bacteroidales;f__Rikenellaceae;g__Alistipes	unresolved	65.3117559004	2.133131	1794	0.886730819626	C4
C4_metabat_01	97.96	0.0	0.0	43	0	UID3058	k__Bacteria;p__Verrucomicrobia;c__Verrucomicrobiae;o__Verrucomicrobiales;f__Verrucomicrobiaceae	g__Akkermansia;s__Akkermansia_muciniphila	55.612841013	2.690147	2276	0.883674758294	C4
C4_metabat_05	96.23	0.0	0.0	43	0	UID2654	k__Bacteria;p__Bacteroidetes;c__Bacteroidia;o__Bacteroidales	f__Porphyromonadaceae_2;g__Barnesiella	55.3237959876	2.118679	1775	0.922644251442	C4
C4_metabat_06	78.18	0.38	0.0	40	0	UID2655	k__Bacteria;p__Bacteroidetes;c__Bacteroidia;o__Bacteroidales;f__Porphyromonadaceae_2	g__Barnesiella	47.0021426987	3.435954	2807	0.894684271093	C4
C4_metabat_09	98.43	0.0	0.0	43	0	UID2655	k__Bacteria;p__Bacteroidetes;c__Bacteroidia;o__Bacteroidales;f__Porphyromonadaceae_2	g__Barnesiella	56.043700368	2.458669	2011	0.89305148436	C4
C4_metabat_10	97.55	0.5	0.0	43	0	UID2654	k__Bacteria;p__Bacteroidetes;c__Bacteroidia;o__Bacteroidales	f__Porphyromonadaceae_2;g__Barnesiella	52.289108360600004	2.461464	2021	0.897128700643	C4
C4_metabat_11	98.67	1.44	0.0	43	0	UID2361	k__Bacteria;p__Tenericutes;c__Mollicutes	o__Acholeplasmatales;f__Acholeplasmataceae	32.417075080500005	1.72435	1571	0.9146252210979999	C4
C4_metabat_12	95.47	5.28	65.0	43	0	UID2654	k__Bacteria;p__Bacteroidetes;c__Bacteroidia;o__Bacteroidales	f__Porphyromonadaceae_2;g__Barnesiella	50.78164352020001	2.8934759999999997	2584	0.90236691094	C4
C4_metabat_13	47.36	0.86	0.0	32	0	UID3189	k__Bacteria;p__Deferribacteres;c__Deferribacteres;o__Deferribacterales;f__Deferribacteraceae	unresolved	37.7424250772	1.325097	1462	0.887009026509	C4
C4_metabat_16	96.25	0.62	33.33	43	0	UID4182	k__Bacteria;p__Proteobacteria;c__Betaproteobacteria;o__Burkholderiales;f__Sutterellaceae;g__Sutterella	unresolved	44.2703307134	2.5203279999999997	2402	0.882414907901	C4
C4_metabat_17_sub	92.91	3.75	11.11	41	2	UID1286	k__Bacteria;p__Firmicutes;c__Clostridia;o__Clostridiales;f__Lachnospiraceae	g__Butyrivibrio	46.0887177776	3.853082	3928	0.897610276656	C4
C4_metabat_18_sub	70.86	2.77	9.09	21	0	UID2654	k__Bacteria;p__Bacteroidetes;c__Bacteroidia;o__Bacteroidales	f__Porphyromonadaceae_2;g__Barnesiella	54.301316307200004	1.969525	2014	0.930823421891	C4
C4_metabat_19	90.42	0.0	0.0	34	0	UID3304	k__Bacteria;p__Proteobacteria;c__Alphaproteobacteria	unresolved	44.1447420258	1.561367	1627	0.8860543357200001	C4
C4_metabat_20	95.13	3.22	9.09	41	1	UID1278	k__Bacteria;p__Firmicutes;c__Clostridia;o__Clostridiales;f__Lachnospiraceae	f__Peptostreptococcaceae;g__Clostridium	46.7907881808	3.6282650000000003	3657	0.8971075706980001	C4
C4_metabat_24	85.49	1.98	12.5	34	0	UID2722	k__Bacteria;p__Bacteroidetes;c__Bacteroidia;o__Bacteroidales;f__Prevotellaceae;g__Prevotella	unresolved	48.262626816499996	2.772116	2535	0.883984652879	C4
C4_metabat_28	75.0	6.16	4.55	23	0	UID2655	k__Bacteria;p__Bacteroidetes;c__Bacteroidia;o__Bacteroidales;f__Porphyromonadaceae_2	g__Barnesiella	47.2941921674	2.28935	2311	0.910085395418	C4
C4_metabat_29	74.45	0.02	0.0	39	1	UID3259	k__Bacteria;p__Proteobacteria;c__Deltaproteobacteria;o__Desulfovibrionales;f__Desulfovibrionaceae;g__Desulfovibrio	g__Bilophila;s__Bilophila_wadsworthia	60.769943868	2.214603	2313	0.867148649216	C4
C5_maxbin_02_sub	68.11	5.13	0.0	30	0	UID2142	k__Bacteria	p__Cyanobacteria	34.3398702071	1.6797529999999998	2234	0.8785101142849999	C5
C5_maxbin_14_sub	96.03	5.09	25.0	29	4	UID1286	k__Bacteria;p__Firmicutes;c__Clostridia;o__Clostridiales;f__Lachnospiraceae	g__Butyrivibrio	46.9377602505	5.500249	5347	0.894059159867	C5
C5_maxbin_21	88.97	4.21	9.09	42	1	UID2617	k__Bacteria;p__Bacteroidetes;c__Bacteroidia;o__Bacteroidales	f__Rikenellaceae;g__Alistipes	49.613884699799996	2.187559	2037	0.91906961138	C5
C5_maxbin_27	68.19	5.93	0.0	31	9	UID3259	k__Bacteria;p__Proteobacteria;c__Deltaproteobacteria;o__Desulfovibrionales;f__Desulfovibrionaceae;g__Desulfovibrio	g__Bilophila;s__Bilophila_wadsworthia	62.8070902171	1.7767580000000003	2066	0.866512490727	C5
C5_maxbin_33	50.57	0.73	0.0	36	1	UID1226	k__Bacteria;p__Firmicutes;c__Clostridia;o__Clostridiales	f__Ruminococcaceae	51.171010842799994	0.933894	1071	0.9095250638719999	C5
C5_metabat_01	91.01	1.13	0.0	42	0	UID2654	k__Bacteria;p__Bacteroidetes;c__Bacteroidia;o__Bacteroidales	f__Porphyromonadaceae_2;g__Barnesiella	46.3058868292	4.2682910000000005	3611	0.895580924543	C5
C5_metabat_02	97.36	0.0	0.0	43	0	UID2654	k__Bacteria;p__Bacteroidetes;c__Bacteroidia;o__Bacteroidales	f__Porphyromonadaceae_2;g__Barnesiella	54.973005653	2.220024	1878	0.918196379859	C5
C5_metabat_03	99.76	0.0	0.0	42	0	UID2809	k__Bacteria;p__Bacteroidetes;c__Bacteroidia;o__Bacteroidales;f__Rikenellaceae;g__Alistipes	unresolved	54.9116110626	1.919075	1669	0.9152961713330001	C5
C5_metabat_04	94.52	1.12	0.0	43	0	UID1226	k__Bacteria;p__Firmicutes;c__Clostridia;o__Clostridiales	unresolved	40.9252609792	1.862426	1618	0.881421328955	C5
C5_metabat_05	94.76	1.61	66.67	40	1	UID1119	k__Bacteria;p__Firmicutes;c__Clostridia;o__Clostridiales	unresolved	48.430835135500004	1.694855	1486	0.919609052102	C5
C5_metabat_06	99.06	0.5	0.0	40	0	UID2655	k__Bacteria;p__Bacteroidetes;c__Bacteroidia;o__Bacteroidales;f__Porphyromonadaceae_2	g__Barnesiella	51.4977633047	2.784118	2367	0.894605041884	C5
C5_metabat_07	98.81	0.0	0.0	43	0	UID2655	k__Bacteria;p__Bacteroidetes;c__Bacteroidia;o__Bacteroidales;f__Porphyromonadaceae_2	g__Barnesiella	56.148531515900004	2.417661	1959	0.893006091425	C5
C5_metabat_08	94.83	2.3	0.0	41	0	UID1286	k__Bacteria;p__Firmicutes;c__Clostridia;o__Clostridiales;f__Lachnospiraceae	g__Butyrivibrio	40.0006304995	3.679722	3567	0.9024923621950001	C5
C5_metabat_09	99.06	0.19	100.0	43	0	UID2654	k__Bacteria;p__Bacteroidetes;c__Bacteroidia;o__Bacteroidales	f__Porphyromonadaceae_2;g__Barnesiella	50.6699349939	2.820399	2402	0.898500176748	C5
C5_metabat_11	97.92	0.38	0.0	43	0	UID2655	k__Bacteria;p__Bacteroidetes;c__Bacteroidia;o__Bacteroidales;f__Porphyromonadaceae_2	g__Barnesiella	54.9619910817	2.237175	1886	0.903905595226	C5
C5_metabat_13	94.89	0.54	100.0	43	0	UID2806	k__Bacteria;p__Bacteroidetes;c__Bacteroidia;o__Bacteroidales;f__Porphyromonadaceae;g__Odoribacter	s__Odoribacter_splanchnicus	43.6525174996	2.3775779999999997	2105	0.921319510864	C5
C5_metabat_14	95.18	1.68	25.0	41	0	UID2809	k__Bacteria;p__Bacteroidetes;c__Bacteroidia;o__Bacteroidales;f__Rikenellaceae;g__Alistipes	unresolved	65.7037825508	2.023708	1791	0.8861362409990001	C5
C5_metabat_15	97.33	1.44	0.0	43	0	UID2361	k__Bacteria;p__Tenericutes;c__Mollicutes	o__Acholeplasmatales;f__Acholeplasmataceae	32.606548279	1.719286	1662	0.914271971039	C5
C5_metabat_21	89.92	2.81	14.29	35	2	UID2654	k__Bacteria;p__Bacteroidetes;c__Bacteroidia;o__Bacteroidales	f__Porphyromonadaceae_2;g__Barnesiella	48.4209454416	3.299601	3289	0.90629048785	C5
C5_metabat_24	87.61	2.08	25.0	41	0	UID3058	k__Bacteria;p__Verrucomicrobia;c__Verrucomicrobiae;o__Verrucomicrobiales;f__Verrucomicrobiaceae	g__Akkermansia;s__Akkermansia_muciniphila	55.859296944899995	2.347099	2308	0.883144255952	C5
C5_metabat_29_sub	69.77	0.68	0.0	35	1	UID4182	k__Bacteria;p__Proteobacteria;c__Betaproteobacteria;o__Burkholderiales;f__Sutterellaceae;g__Sutterella	unresolved	44.5638053648	1.577289	1792	0.8910370895890001	C5
C5_metabat_37	22.94	0.0	0.0	20	0	UID1226	k__Bacteria;p__Firmicutes;c__Clostridia;o__Clostridiales	f__Ruminococcaceae	52.8016928761	0.351591	427	0.905626139463	C5
C6_maxbin_07	67.54	3.28	11.11	33	1	UID3259	k__Bacteria;p__Proteobacteria;c__Deltaproteobacteria;o__Desulfovibrionales;f__Desulfovibrionaceae;g__Desulfovibrio	g__Bilophila;s__Bilophila_wadsworthia	63.0671454524	1.64583	1956	0.87243032391	C6
C6_metabat_01	72.33	0.38	0.0	40	0	UID2655	k__Bacteria;p__Bacteroidetes;c__Bacteroidia;o__Bacteroidales;f__Porphyromonadaceae_2	g__Barnesiella	47.1676400616	3.328414	2719	0.897707436635	C6
C6_metabat_02	97.36	0.38	100.0	43	0	UID2654	k__Bacteria;p__Bacteroidetes;c__Bacteroidia;o__Bacteroidales	f__Porphyromonadaceae_2;g__Barnesiella	55.163203323699996	2.1881150000000003	1840	0.922059398158	C6
C6_metabat_03	98.92	1.34	33.33	43	0	UID2806	k__Bacteria;p__Bacteroidetes;c__Bacteroidia;o__Bacteroidales;f__Porphyromonadaceae;g__Odoribacter	s__Odoribacter_splanchnicus	43.4870342026	2.314921	2036	0.9200620669130001	C6
C6_metabat_04	97.33	1.44	0.0	43	0	UID2361	k__Bacteria;p__Tenericutes;c__Mollicutes	o__Acholeplasmatales;f__Acholeplasmataceae	32.3188448397	1.803609	1652	0.909429371887	C6
C6_metabat_05	97.96	1.7	33.33	43	0	UID3058	k__Bacteria;p__Verrucomicrobia;c__Verrucomicrobiae;o__Verrucomicrobiales;f__Verrucomicrobiaceae	g__Akkermansia;s__Akkermansia_muciniphila	55.624148509399994	2.662343	2304	0.8829568541689999	C6
C6_metabat_06	98.81	0.5	0.0	43	0	UID2654	k__Bacteria;p__Bacteroidetes;c__Bacteroidia;o__Bacteroidales	f__Porphyromonadaceae_2;g__Barnesiella	51.0711332484	2.9278869999999997	2543	0.893039246392	C6
C6_metabat_07	98.83	3.75	0.0	43	0	UID1279	k__Bacteria;p__Firmicutes;c__Clostridia;o__Clostridiales;f__Lachnospiraceae	f__Peptostreptococcaceae;g__Clostridium;s__Clostridium_scindens	44.9911813425	4.866587	4867	0.8744142455480001	C6
C6_metabat_08	98.43	0.0	0.0	43	0	UID2655	k__Bacteria;p__Bacteroidetes;c__Bacteroidia;o__Bacteroidales;f__Porphyromonadaceae_2	g__Barnesiella	56.0499799764	2.427332	1946	0.893432377606	C6
C6_metabat_10	99.52	0.51	50.0	42	1	UID2809	k__Bacteria;p__Bacteroidetes;c__Bacteroidia;o__Bacteroidales;f__Rikenellaceae;g__Alistipes	unresolved	54.913770057600004	1.930188	1717	0.916569784912	C6
C6_metabat_11	97.92	0.38	100.0	43	0	UID2654	k__Bacteria;p__Bacteroidetes;c__Bacteroidia;o__Bacteroidales	f__Porphyromonadaceae_2;g__Barnesiella	50.7861567349	2.78018	2354	0.899794617615	C6
C6_metabat_12	97.84	0.48	100.0	43	0	UID2809	k__Bacteria;p__Bacteroidetes;c__Bacteroidia;o__Bacteroidales;f__Rikenellaceae;g__Alistipes	unresolved	65.4213657648	2.036295	1764	0.889363770966	C6
C6_metabat_13	94.62	0.0	0.0	43	0	UID3304	k__Bacteria;p__Proteobacteria;c__Alphaproteobacteria	unresolved	43.786260382799995	1.6708560000000001	1683	0.883988207242	C6
C6_metabat_14	94.16	1.98	0.0	41	0	UID4182	k__Bacteria;p__Proteobacteria;c__Betaproteobacteria;o__Burkholderiales;f__Sutterellaceae;g__Sutterella	unresolved	44.2072286166	2.3850759999999998	2365	0.882400812385	C6
C6_metabat_15	83.18	1.2	0.0	42	0	UID1226	k__Bacteria;p__Firmicutes;c__Clostridia;o__Clostridiales	f__Ruminococcaceae	49.48152344100001	1.511158	1345	0.861549884261	C6
C6_metabat_16	89.87	3.27	20.0	20	0	UID2654	k__Bacteria;p__Bacteroidetes;c__Bacteroidia;o__Bacteroidales	f__Porphyromonadaceae_2;g__Barnesiella	48.50113823270001	3.267346	3236	0.902660446736	C6
C6_metabat_17	83.1	3.74	18.75	43	0	UID1286	k__Bacteria;p__Firmicutes;c__Clostridia;o__Clostridiales;f__Lachnospiraceae	g__Butyrivibrio	39.8423147557	3.126101	3502	0.908415307119	C6
C6_metabat_20	84.41	3.97	17.65	36	1	UID1295	k__Bacteria;p__Firmicutes;c__Clostridia;o__Clostridiales;f__Lachnospiraceae	g__Butyrivibrio	50.725651175799996	3.240431	3466	0.903151154893	C6
F25_maxbin_04_sub	60.75	1.92	12.5	38	2	UID2655	k__Bacteria;p__Bacteroidetes;c__Bacteroidia;o__Bacteroidales;f__Porphyromonadaceae_2	g__Barnesiella	60.29994748359999	1.506197	1215	0.8978699333490001	F25
F25_maxbin_09_sub	65.44	14.95	1.64	27	3	UID1287	k__Bacteria;p__Firmicutes;c__Clostridia;o__Clostridiales;f__Lachnospiraceae	g__;s__	39.0443886267	4.819658	6026	0.861118983961	F25
F25_maxbin_10	92.38	0.48	0.0	43	0	UID2617	k__Bacteria;p__Bacteroidetes;c__Bacteroidia;o__Bacteroidales	f__Rikenellaceae;g__Alistipes	49.27759472140001	2.3099529999999997	2006	0.9104938498749999	F25
F25_maxbin_26_sub	57.79	3.08	14.29	37	1	UID1226	k__Bacteria;p__Firmicutes;c__Clostridia;o__Clostridiales	unresolved	35.7818356781	0.951888	1061	0.921325828249	F25
F25_maxbin_27_sub	83.72	15.27	2.22	34	4	UID1226	k__Bacteria;p__Firmicutes;c__Clostridia;o__Clostridiales	unresolved	44.8132374651	1.88314	2044	0.897025181346	F25
F25_maxbin_34	95.7	0.0	0.0	43	0	UID3304	k__Bacteria;p__Proteobacteria;c__Alphaproteobacteria	unresolved	44.0689658925	1.6542189999999999	1660	0.883321978529	F25
F25_maxbin_35	99.04	0.0	0.0	43	0	UID2809	k__Bacteria;p__Bacteroidetes;c__Bacteroidia;o__Bacteroidales;f__Rikenellaceae;g__Alistipes	unresolved	54.93036935399999	1.970684	1722	0.915248208236	F25
F25_metabat_01	99.44	0.0	0.0	43	0	UID2722	k__Bacteria;p__Bacteroidetes;c__Bacteroidia;o__Bacteroidales;f__Prevotellaceae;g__Prevotella	unresolved	47.5080450414	3.312178	2708	0.8798307337350001	F25
F25_metabat_02_sub	99.52	6.04	0.0	41	2	UID2809	k__Bacteria;p__Bacteroidetes;c__Bacteroidia;o__Bacteroidales;f__Rikenellaceae;g__Alistipes	unresolved	55.5720807287	2.584809	2344	0.8835863694380001	F25
F25_metabat_04	96.6	0.0	0.0	43	0	UID2654	k__Bacteria;p__Bacteroidetes;c__Bacteroidia;o__Bacteroidales	f__Porphyromonadaceae_2;g__Barnesiella	54.9386540746	2.206559	1863	0.920201544577	F25
F25_metabat_05	90.63	0.38	0.0	41	0	UID2654	k__Bacteria;p__Bacteroidetes;c__Bacteroidia;o__Bacteroidales	f__Porphyromonadaceae_2;g__Barnesiella	46.4072089951	4.087649	3394	0.894612526663	F25
F25_metabat_07	99.43	2.14	0.0	43	0	UID2655	k__Bacteria;p__Bacteroidetes;c__Bacteroidia;o__Bacteroidales;f__Porphyromonadaceae_2	g__Barnesiella	48.577782973699996	3.584117	3097	0.901626816312	F25
F25_metabat_08_sub	98.56	0.16	0.0	43	0	UID2808	k__Bacteria;p__Bacteroidetes;c__Bacteroidia;o__Bacteroidales;f__Rikenellaceae;g__Alistipes	unresolved	57.2828276222	2.079816	1757	0.8755697619399999	F25
F25_metabat_09	97.23	1.32	0.0	42	0	UID2654	k__Bacteria;p__Bacteroidetes;c__Bacteroidia;o__Bacteroidales	f__Porphyromonadaceae_2;g__Barnesiella	46.6501166219	3.365647	3026	0.9019424794099999	F25
F25_metabat_10	71.51	0.02	0.0	41	1	UID2655	k__Bacteria;p__Bacteroidetes;c__Bacteroidia;o__Bacteroidales;f__Porphyromonadaceae_2	g__Barnesiella	50.6329718688	1.548884	1385	0.913466082676	F25
F25_metabat_11	99.35	0.5	0.0	36	0	UID2654	k__Bacteria;p__Bacteroidetes;c__Bacteroidia;o__Bacteroidales	f__Porphyromonadaceae_2;g__Barnesiella	52.241415726999996	2.500204	2042	0.8973663749040001	F25
F25_metabat_13	98.3	0.0	0.0	43	0	UID2655	k__Bacteria;p__Bacteroidetes;c__Bacteroidia;o__Bacteroidales;f__Porphyromonadaceae_2	g__Barnesiella	53.7056874237	2.5757950000000003	2108	0.924381016346	F25
F25_metabat_14	98.81	0.0	0.0	43	0	UID2655	k__Bacteria;p__Bacteroidetes;c__Bacteroidia;o__Bacteroidales;f__Porphyromonadaceae_2	g__Barnesiella	56.0070434029	2.493881	2017	0.8911146923209999	F25
F25_metabat_15	98.3	0.69	0.0	43	0	UID2655	k__Bacteria;p__Bacteroidetes;c__Bacteroidia;o__Bacteroidales;f__Porphyromonadaceae_2	g__Barnesiella	55.938602664899996	2.517964	2041	0.899841300352	F25
F25_metabat_17	99.06	0.75	0.0	43	0	UID2655	k__Bacteria;p__Bacteroidetes;c__Bacteroidia;o__Bacteroidales;f__Porphyromonadaceae_2	g__Barnesiella	48.47606714649999	3.049711	2569	0.8961396670049999	F25
F25_metabat_18	99.26	0.49	0.0	40	3	UID2690	k__Bacteria;p__Bacteroidetes;c__Bacteroidia;o__Bacteroidales;f__Bacteroidaceae;g__Bacteroides	unresolved	42.8995583874	4.852869999999999	4109	0.89199731293	F25
F25_metabat_20_sub	98.8	0.0	0.0	42	0	UID2809	k__Bacteria;p__Bacteroidetes;c__Bacteroidia;o__Bacteroidales;f__Rikenellaceae;g__Alistipes	unresolved	63.903682351899995	1.741497	1545	0.86862681934	F25
F25_metabat_21	98.92	0.54	0.0	43	0	UID2806	k__Bacteria;p__Bacteroidetes;c__Bacteroidia;o__Bacteroidales;f__Porphyromonadaceae;g__Odoribacter	s__Odoribacter_splanchnicus	43.620650948299996	2.3875319999999998	2070	0.9204601236759999	F25
F25_metabat_22	97.92	0.38	0.0	43	0	UID2655	k__Bacteria;p__Bacteroidetes;c__Bacteroidia;o__Bacteroidales;f__Porphyromonadaceae_2	g__Barnesiella	54.98119189	2.240257	1857	0.902977203062	F25
F25_metabat_23	95.03	0.0	0.0	42	0	UID2809	k__Bacteria;p__Bacteroidetes;c__Bacteroidia;o__Bacteroidales;f__Rikenellaceae;g__Alistipes	unresolved	65.8171283704	1.9209650000000003	1666	0.885601767861	F25
F25_metabat_25	96.1	3.23	42.86	43	0	UID2655	k__Bacteria;p__Bacteroidetes;c__Bacteroidia;o__Bacteroidales;f__Porphyromonadaceae_2	g__Barnesiella	51.309307049	2.396764	2025	0.91762309514	F25
F25_metabat_26	98.5	1.13	33.33	37	0	UID2655	k__Bacteria;p__Bacteroidetes;c__Bacteroidia;o__Bacteroidales;f__Porphyromonadaceae_2	g__Barnesiella	51.0151538596	2.4881450000000003	2045	0.8898834272120001	F25
F25_metabat_27	99.06	0.42	75.0	42	1	UID2655	k__Bacteria;p__Bacteroidetes;c__Bacteroidia;o__Bacteroidales;f__Porphyromonadaceae_2	g__Barnesiella	50.959718520600006	2.768047	2329	0.901581873429	F25
F25_metabat_28	97.5	0.0	0.0	29	0	UID4182	k__Bacteria;p__Proteobacteria;c__Betaproteobacteria;o__Burkholderiales;f__Sutterellaceae;g__Sutterella	unresolved	44.2234270454	2.5590740000000003	2305	0.878601009584	F25
F25_metabat_30	98.68	1.13	50.0	43	0	UID2654	k__Bacteria;p__Bacteroidetes;c__Bacteroidia;o__Bacteroidales	f__Porphyromonadaceae_2;g__Barnesiella	53.1029400217	2.776238	2273	0.897754443243	F25
F25_metabat_31	96.79	0.38	0.0	40	0	UID2655	k__Bacteria;p__Bacteroidetes;c__Bacteroidia;o__Bacteroidales;f__Porphyromonadaceae_2	g__Barnesiella	52.9336357459	2.011921	1689	0.9309510661700001	F25
F25_metabat_33	92.31	1.42	0.0	42	0	UID2142	k__Bacteria	p__Cyanobacteria	33.8430059017	1.980391	1961	0.888259944627	F25
F25_metabat_34	91.89	0.5	0.0	42	0	UID2655	k__Bacteria;p__Bacteroidetes;c__Bacteroidia;o__Bacteroidales;f__Porphyromonadaceae_2	g__Barnesiella	53.67769819270001	2.730789	2245	0.891155633042	F25
F25_metabat_35	96.48	0.75	0.0	43	0	UID2654	k__Bacteria;p__Bacteroidetes;c__Bacteroidia;o__Bacteroidales	f__Porphyromonadaceae_2;g__Barnesiella	52.659631505600004	2.378055	2099	0.894683260059	F25
F25_metabat_36	96.15	0.96	50.0	42	0	UID2808	k__Bacteria;p__Bacteroidetes;c__Bacteroidia;o__Bacteroidales;f__Rikenellaceae;g__Alistipes	unresolved	58.1942527443	2.090215	1852	0.887057073076	F25
F25_metabat_37	94.91	2.65	30.0	41	2	UID2655	k__Bacteria;p__Bacteroidetes;c__Bacteroidia;o__Bacteroidales;f__Porphyromonadaceae_2	g__Barnesiella	54.63161921020001	2.277141	1921	0.921238078801	F25
F25_metabat_38	90.2	2.1	50.0	40	1	UID2663	k__Bacteria;p__Bacteroidetes;c__Bacteroidia;o__Bacteroidales;f__Bacteroidaceae;g__Bacteroides	s__Bacteroides_uniformis	46.6038978284	3.486762	3263	0.89691754126	F25
F25_metabat_40_sub	93.37	3.55	33.33	36	1	UID1286	k__Bacteria;p__Firmicutes;c__Clostridia;o__Clostridiales;f__Lachnospiraceae	g__Butyrivibrio	45.5827801161	4.69245	4697	0.886787285959	F25
F25_metabat_42	85.27	2.39	30.0	25	1	UID2655	k__Bacteria;p__Bacteroidetes;c__Bacteroidia;o__Bacteroidales;f__Porphyromonadaceae_2	g__Barnesiella	45.9344397853	1.9059119999999998	1917	0.919009901821	F25
F25_metabat_45	63.77	4.34	5.56	21	0	UID2654	k__Bacteria;p__Bacteroidetes;c__Bacteroidia;o__Bacteroidales	f__Porphyromonadaceae_2;g__Barnesiella	46.705189007	1.842048	2036	0.9206405044820001	F25
F25_metabat_48_sub	50.59	3.36	7.69	23	3	UID1295	k__Bacteria;p__Firmicutes;c__Clostridia;o__Clostridiales;f__Lachnospiraceae	g__Butyrivibrio	49.48423085	1.7563090000000001	2123	0.914922146388	F25
F26_metabat_01	85.13	1.0	25.0	40	2	UID2809	k__Bacteria;p__Bacteroidetes;c__Bacteroidia;o__Bacteroidales;f__Rikenellaceae;g__Alistipes	unresolved	55.3904159366	1.6539540000000001	1633	0.9214234495029999	F26
F26_metabat_02	91.02	3.12	28.57	39	0	UID2809	k__Bacteria;p__Bacteroidetes;c__Bacteroidia;o__Bacteroidales;f__Rikenellaceae;g__Alistipes	unresolved	66.17778398739999	1.8609099999999998	1741	0.891454181019	F26
F26_metabat_03	87.81	3.49	7.14	24	7	UID1287	k__Bacteria;p__Firmicutes;c__Clostridia;o__Clostridiales;f__Lachnospiraceae	g__;s__	45.7327596021	4.435759	4645	0.8902320888040001	F26
F26_metabat_04	83.01	1.07	0.0	35	0	UID2655	k__Bacteria;p__Bacteroidetes;c__Bacteroidia;o__Bacteroidales;f__Porphyromonadaceae_2	g__Barnesiella	56.7399628272	1.96918	1915	0.900944047776	F26
F26_metabat_06	58.01	1.9	23.08	35	1	UID2690	k__Bacteria;p__Bacteroidetes;c__Bacteroidia;o__Bacteroidales;f__Bacteroidaceae;g__Bacteroides	unresolved	43.5094137703	2.674327	2791	0.910133652317	F26
F27_maxbin_05	96.98	0.0	0.0	43	0	UID2654	k__Bacteria;p__Bacteroidetes;c__Bacteroidia;o__Bacteroidales	f__Porphyromonadaceae_2;g__Barnesiella	55.2182373001	2.224903	1909	0.9218927746510001	F27
F27_maxbin_21	92.04	0.0	0.0	42	0	UID3304	k__Bacteria;p__Proteobacteria;c__Alphaproteobacteria	unresolved	44.349579765600005	1.6230280000000001	1605	0.883404352852	F27
F27_metabat_01	99.04	0.96	0.0	43	0	UID2809	k__Bacteria;p__Bacteroidetes;c__Bacteroidia;o__Bacteroidales;f__Rikenellaceae;g__Alistipes	unresolved	65.0505241524	2.157683	1815	0.8872619379209999	F27
F27_metabat_02	100.0	0.48	0.0	43	0	UID2809	k__Bacteria;p__Bacteroidetes;c__Bacteroidia;o__Bacteroidales;f__Rikenellaceae;g__Alistipes	unresolved	55.199613832299995	1.864575	1607	0.91691672365	F27
F27_metabat_03	99.04	0.0	0.0	43	0	UID2809	k__Bacteria;p__Bacteroidetes;c__Bacteroidia;o__Bacteroidales;f__Rikenellaceae;g__Alistipes	unresolved	59.74047171270001	1.911545	1613	0.902025325064	F27
F27_metabat_04	97.96	0.0	0.0	43	0	UID3058	k__Bacteria;p__Verrucomicrobia;c__Verrucomicrobiae;o__Verrucomicrobiales;f__Verrucomicrobiaceae	g__Akkermansia;s__Akkermansia_muciniphila	55.9764754618	2.669893	2262	0.887110082689	F27
F27_metabat_06	91.01	0.38	0.0	42	0	UID2654	k__Bacteria;p__Bacteroidetes;c__Bacteroidia;o__Bacteroidales	f__Porphyromonadaceae_2;g__Barnesiella	46.6162027436	4.063697	3376	0.895266305534	F27
F27_metabat_07	99.04	0.48	0.0	42	0	UID2809	k__Bacteria;p__Bacteroidetes;c__Bacteroidia;o__Bacteroidales;f__Rikenellaceae;g__Alistipes	unresolved	64.0505344528	1.746398	1501	0.8686925889749999	F27
F27_metabat_08_sub	98.81	0.0	0.0	43	0	UID2655	k__Bacteria;p__Bacteroidetes;c__Bacteroidia;o__Bacteroidales;f__Porphyromonadaceae_2	g__Barnesiella	56.067405818100006	2.471222	2011	0.8926332802150001	F27
F27_metabat_09	98.79	0.5	0.0	36	0	UID2654	k__Bacteria;p__Bacteroidetes;c__Bacteroidia;o__Bacteroidales	f__Porphyromonadaceae_2;g__Barnesiella	52.328002061599996	2.48346	2031	0.898611211777	F27
F27_metabat_10	96.67	0.02	0.0	43	0	UID2722	k__Bacteria;p__Bacteroidetes;c__Bacteroidia;o__Bacteroidales;f__Prevotellaceae;g__Prevotella	unresolved	48.4804198721	3.033405	2520	0.879717347337	F27
F27_metabat_11	97.92	0.47	0.0	43	0	UID2655	k__Bacteria;p__Bacteroidetes;c__Bacteroidia;o__Bacteroidales;f__Porphyromonadaceae_2	g__Barnesiella	55.1107742154	2.221591	1859	0.904130418245	F27
F27_metabat_12	95.17	0.4	50.0	20	0	UID2808	k__Bacteria;p__Bacteroidetes;c__Bacteroidia;o__Bacteroidales;f__Rikenellaceae;g__Alistipes	unresolved	58.161784410600006	1.9220549999999998	1631	0.884688003205	F27
F27_metabat_13	98.55	2.26	0.0	43	0	UID2655	k__Bacteria;p__Bacteroidetes;c__Bacteroidia;o__Bacteroidales;f__Porphyromonadaceae_2	g__Barnesiella	49.022533863599996	3.277656	2820	0.904023790172	F27
F27_metabat_17	94.36	1.13	0.0	27	0	UID2655	k__Bacteria;p__Bacteroidetes;c__Bacteroidia;o__Bacteroidales;f__Porphyromonadaceae_2	g__Barnesiella	54.774705930500005	2.235101	1942	0.93280930034	F27
F27_metabat_18	85.75	5.41	27.27	39	0	UID2690	k__Bacteria;p__Bacteroidetes;c__Bacteroidia;o__Bacteroidales;f__Bacteroidaceae;g__Bacteroides	unresolved	44.4745013689	3.9193300000000004	3642	0.902074844425	F27
F27_metabat_19	93.04	0.57	100.0	38	0	UID2655	k__Bacteria;p__Bacteroidetes;c__Bacteroidia;o__Bacteroidales;f__Porphyromonadaceae_2	g__Barnesiella	51.3725211776	2.591654	2252	0.904558247359	F27
F27_metabat_21	94.34	1.27	41.67	36	7	UID2655	k__Bacteria;p__Bacteroidetes;c__Bacteroidia;o__Bacteroidales;f__Porphyromonadaceae_2	g__Barnesiella	56.412825651300004	2.4151599999999998	2065	0.905744546945	F27
F27_metabat_23	84.98	0.26	0.0	39	1	UID2617	k__Bacteria;p__Bacteroidetes;c__Bacteroidia;o__Bacteroidales	f__Rikenellaceae;g__Alistipes	49.635011785799996	2.0677380000000003	1955	0.9195236533840001	F27
F27_metabat_25	85.88	2.2	25.0	23	0	UID2654	k__Bacteria;p__Bacteroidetes;c__Bacteroidia;o__Bacteroidales	f__Porphyromonadaceae_2;g__Barnesiella	53.8446733134	2.24971	2068	0.9068622177969999	F27
F27_metabat_27	83.11	5.06	12.5	18	5	UID2654	k__Bacteria;p__Bacteroidetes;c__Bacteroidia;o__Bacteroidales	f__Porphyromonadaceae_2;g__Barnesiella	49.2691648628	2.5403130000000003	2355	0.9034870899770001	F27
F27_metabat_30	83.87	0.86	33.33	40	1	UID1119	k__Bacteria;p__Firmicutes;c__Clostridia;o__Clostridiales	unresolved	50.590932795	1.309809	1245	0.9338079063439999	F27
F27_metabat_31	49.09	2.01	16.67	22	0	UID2655	k__Bacteria;p__Bacteroidetes;c__Bacteroidia;o__Bacteroidales;f__Porphyromonadaceae_2	g__Barnesiella	53.740503381	1.24518	1251	0.908694325318	F27
F27_metabat_36	69.88	1.05	0.0	33	0	UID1343	k__Bacteria;p__Firmicutes;c__Clostridia;o__Clostridiales;f__Peptostreptococcaceae_2;g__Clostridium_2	unresolved	52.9091146541	2.052102	2110	0.899370011822	F27
F27_metabat_37	71.15	1.33	25.0	34	0	UID4182	k__Bacteria;p__Proteobacteria;c__Betaproteobacteria;o__Burkholderiales;f__Sutterellaceae;g__Sutterella	unresolved	44.7671173759	1.714705	1899	0.8975718855429999	F27
F28_maxbin_10_sub	65.52	0.45	50.0	29	0	UID2654	k__Bacteria;p__Bacteroidetes;c__Bacteroidia;o__Bacteroidales	f__Porphyromonadaceae_2;g__Barnesiella	53.726935392600005	1.808932	1490	0.89187597986	F28
F28_maxbin_14_sub	92.61	6.7	0.0	39	1	UID1286	k__Bacteria;p__Firmicutes;c__Clostridia;o__Clostridiales;f__Lachnospiraceae	g__Butyrivibrio	40.4643932722	4.079961	3776	0.8672975060299999	F28
F28_maxbin_21	94.03	1.07	0.0	43	0	UID2654	k__Bacteria;p__Bacteroidetes;c__Bacteroidia;o__Bacteroidales	f__Porphyromonadaceae_2;g__Barnesiella	46.390822014399994	4.979296	4363	0.8922817603129999	F28
F28_metabat_02	97.39	2.87	0.0	43	0	UID1287	k__Bacteria;p__Firmicutes;c__Clostridia;o__Clostridiales;f__Lachnospiraceae	g__;s__	46.4239201572	4.871472	4581	0.880653116758	F28
F28_metabat_03	99.52	1.36	50.0	43	0	UID2809	k__Bacteria;p__Bacteroidetes;c__Bacteroidia;o__Bacteroidales;f__Rikenellaceae;g__Alistipes	unresolved	54.8457697403	1.9135349999999998	1686	0.915090134228	F28
F28_metabat_04	95.91	0.38	100.0	43	0	UID2654	k__Bacteria;p__Bacteroidetes;c__Bacteroidia;o__Bacteroidales	f__Porphyromonadaceae_2;g__Barnesiella	54.8452264175	2.245829	1964	0.9171757956640001	F28
F28_metabat_07	88.09	1.21	25.0	40	1	UID2655	k__Bacteria;p__Bacteroidetes;c__Bacteroidia;o__Bacteroidales;f__Porphyromonadaceae_2	g__Barnesiella	48.9755480424	2.5309630000000003	2113	0.896115826268	F28
F28_metabat_09	95.97	0.0	0.0	43	0	UID2655	k__Bacteria;p__Bacteroidetes;c__Bacteroidia;o__Bacteroidales;f__Porphyromonadaceae_2	g__Barnesiella	56.068928874399994	2.435438	2088	0.892395125641	F28
F28_metabat_12_sub	87.38	4.15	25.0	38	4	UID2690	k__Bacteria;p__Bacteroidetes;c__Bacteroidia;o__Bacteroidales;f__Bacteroidaceae;g__Bacteroides	unresolved	43.845046372700004	4.114701999999999	3931	0.893622430008	F28
F28_metabat_13	92.05	1.38	0.0	31	0	UID2655	k__Bacteria;p__Bacteroidetes;c__Bacteroidia;o__Bacteroidales;f__Porphyromonadaceae_2	g__Barnesiella	48.92527275729999	3.217421	2978	0.902661790297	F28
F28_metabat_14	92.04	1.36	25.0	43	0	UID2809	k__Bacteria;p__Bacteroidetes;c__Bacteroidia;o__Bacteroidales;f__Rikenellaceae;g__Alistipes	unresolved	66.0193381608	1.9217959999999998	1697	0.891596194393	F28
F28_metabat_17	94.78	0.78	66.67	42	1	UID2655	k__Bacteria;p__Bacteroidetes;c__Bacteroidia;o__Bacteroidales;f__Porphyromonadaceae_2	g__Barnesiella	54.9892077405	2.192412	1906	0.9018834051260001	F28
F28_metabat_20	88.89	1.22	50.0	39	1	UID2809	k__Bacteria;p__Bacteroidetes;c__Bacteroidia;o__Bacteroidales;f__Rikenellaceae;g__Alistipes	unresolved	60.012046275900005	1.671886	1641	0.9028444523129999	F28
F28_metabat_21	40.69	0.0	0.0	22	0	UID2655	k__Bacteria;p__Bacteroidetes;c__Bacteroidia;o__Bacteroidales;f__Porphyromonadaceae_2	g__Barnesiella	49.7166336073	0.95283	855	0.9167448548010001	F28
F28_metabat_22_sub	91.95	12.46	36.36	30	12	UID1286	k__Bacteria;p__Firmicutes;c__Clostridia;o__Clostridiales;f__Lachnospiraceae	g__Butyrivibrio	41.8077423525	4.306908	4820	0.9016949050220001	F28
F28_metabat_27	69.9	0.96	60.0	32	5	UID2809	k__Bacteria;p__Bacteroidetes;c__Bacteroidia;o__Bacteroidales;f__Rikenellaceae;g__Alistipes	unresolved	64.1218975288	1.2060950000000001	1276	0.872299445732	F28
F29_maxbin_01	99.52	0.48	0.0	43	0	UID2809	k__Bacteria;p__Bacteroidetes;c__Bacteroidia;o__Bacteroidales;f__Rikenellaceae;g__Alistipes	unresolved	64.2409939342	2.307495	1974	0.8817319214129999	F29
F29_maxbin_11	97.33	3.44	0.0	42	1	UID2361	k__Bacteria;p__Tenericutes;c__Mollicutes	o__Acholeplasmatales;f__Acholeplasmataceae	32.705567650700004	2.089096	1989	0.9077634536660001	F29
F29_maxbin_13	98.56	0.16	0.0	43	0	UID2808	k__Bacteria;p__Bacteroidetes;c__Bacteroidia;o__Bacteroidales;f__Rikenellaceae;g__Alistipes	unresolved	57.159401463	2.100587	1775	0.875958482081	F29
F29_maxbin_14	91.43	0.48	0.0	43	0	UID2617	k__Bacteria;p__Bacteroidetes;c__Bacteroidia;o__Bacteroidales	f__Rikenellaceae;g__Alistipes	49.115043686099995	2.363337	2033	0.908773061142	F29
F29_maxbin_28_sub	97.36	2.59	0.0	43	0	UID3189	k__Bacteria;p__Deferribacteres;c__Deferribacteres;o__Deferribacterales;f__Deferribacteraceae	unresolved	31.1354525149	2.199188	2108	0.8801180253799998	F29
F29_maxbin_36_sub	34.48	1.62	22.22	26	0	UID1109	k__Bacteria;p__Firmicutes;c__Clostridia;o__Clostridiales_2;f__Peptococcaceae	o__Clostridiales;g__Desulfonispora;s__Desulfonispora_thiosulfatigenes	52.3963121087	0.807616	1162	0.917093024408	F29
F29_maxbin_43	94.97	0.67	0.0	43	0	UID1250	k__Bacteria;p__Firmicutes;c__Clostridia;o__Clostridiales	f__Lachnospiraceae_2;g__Lachnospira;s__Lachnospira_multipara	39.2920880741	2.849381	2574	0.886411469719	F29
F29_maxbin_46	95.7	1.08	0.0	43	0	UID2806	k__Bacteria;p__Bacteroidetes;c__Bacteroidia;o__Bacteroidales;f__Porphyromonadaceae;g__Odoribacter	s__Odoribacter_splanchnicus	43.5577868568	2.416328	2112	0.913817577746	F29
F29_maxbin_47	100.0	0.0	0.0	43	0	UID2809	k__Bacteria;p__Bacteroidetes;c__Bacteroidia;o__Bacteroidales;f__Rikenellaceae;g__Alistipes	unresolved	54.872710499300005	1.92946	1660	0.915845884341	F29
F29_metabat_03	89.33	0.0	0.0	42	0	UID2329	k__Bacteria	p__Tenericutes;c__Mollicutes	35.5643802669	1.120087	1008	0.9143271906559999	F29
F29_metabat_06	99.44	0.0	0.0	43	0	UID2722	k__Bacteria;p__Bacteroidetes;c__Bacteroidia;o__Bacteroidales;f__Prevotellaceae;g__Prevotella	unresolved	47.577150609099995	3.2832209999999997	2675	0.880075998539	F29
F29_metabat_08	88.89	0.28	0.0	40	0	UID2142	k__Bacteria	p__Cyanobacteria	34.0825947427	1.763381	1700	0.8899840703740001	F29
F29_metabat_10_sub	96.55	0.67	0.0	43	0	UID1286	k__Bacteria;p__Firmicutes;c__Clostridia;o__Clostridiales;f__Lachnospiraceae	g__Butyrivibrio	44.465758112799996	4.09095	3708	0.8963763917919999	F29
F29_metabat_11	94.71	2.87	0.0	42	1	UID1286	k__Bacteria;p__Firmicutes;c__Clostridia;o__Clostridiales;f__Lachnospiraceae	g__Butyrivibrio	46.0417178554	4.448907	4020	0.892088551188	F29
F29_metabat_12	95.16	1.99	0.0	40	3	UID2654	k__Bacteria;p__Bacteroidetes;c__Bacteroidia;o__Bacteroidales	f__Porphyromonadaceae_2;g__Barnesiella	46.53896346609999	4.355716	3667	0.894813390037	F29
F29_metabat_13	97.36	0.0	0.0	43	0	UID2654	k__Bacteria;p__Bacteroidetes;c__Bacteroidia;o__Bacteroidales	f__Porphyromonadaceae_2;g__Barnesiella	55.243030251499995	2.175035	1831	0.9214812635200001	F29
F29_metabat_14	98.87	0.75	0.0	43	0	UID2655	k__Bacteria;p__Bacteroidetes;c__Bacteroidia;o__Bacteroidales;f__Porphyromonadaceae_2	g__Barnesiella	48.5571254562	2.922041	2420	0.8954217274840001	F29
F29_metabat_15	99.06	1.26	0.0	43	0	UID2655	k__Bacteria;p__Bacteroidetes;c__Bacteroidia;o__Bacteroidales;f__Porphyromonadaceae_2	g__Barnesiella	48.462350125200004	3.653565	3195	0.902521509813	F29
F29_metabat_16	94.63	1.68	20.0	42	0	UID2809	k__Bacteria;p__Bacteroidetes;c__Bacteroidia;o__Bacteroidales;f__Rikenellaceae;g__Alistipes	unresolved	64.3771967718	1.629964	1453	0.8734677575700002	F29
F29_metabat_17	98.81	0.0	0.0	43	0	UID2655	k__Bacteria;p__Bacteroidetes;c__Bacteroidia;o__Bacteroidales;f__Porphyromonadaceae_2	g__Barnesiella	56.14903525729999	2.4233849999999997	1966	0.893439961046	F29
F29_metabat_18	98.14	0.46	0.0	40	3	UID2690	k__Bacteria;p__Bacteroidetes;c__Bacteroidia;o__Bacteroidales;f__Bacteroidaceae;g__Bacteroides	unresolved	43.176422688100004	4.688777	3925	0.892933274498	F29
F29_metabat_20	98.3	0.5	0.0	43	0	UID2654	k__Bacteria;p__Bacteroidetes;c__Bacteroidia;o__Bacteroidales	f__Porphyromonadaceae_2;g__Barnesiella	51.9898657325	2.60907	2187	0.8955029953200001	F29
F29_metabat_22	97.92	0.5	0.0	43	0	UID2655	k__Bacteria;p__Bacteroidetes;c__Bacteroidia;o__Bacteroidales;f__Porphyromonadaceae_2	g__Barnesiella	55.0947624226	2.208201	1852	0.903109816543	F29
F29_metabat_24	96.79	0.38	0.0	40	0	UID2655	k__Bacteria;p__Bacteroidetes;c__Bacteroidia;o__Bacteroidales;f__Porphyromonadaceae_2	g__Barnesiella	52.946066756499995	2.0112900000000002	1691	0.929829114648	F29
F29_metabat_26	92.14	1.7	33.33	40	0	UID2655	k__Bacteria;p__Bacteroidetes;c__Bacteroidia;o__Bacteroidales;f__Porphyromonadaceae_2	g__Barnesiella	51.570163297700006	2.222444	1962	0.922633821145	F29
F29_metabat_27	71.66	0.75	50.0	41	0	UID2655	k__Bacteria;p__Bacteroidetes;c__Bacteroidia;o__Bacteroidales;f__Porphyromonadaceae_2	g__Barnesiella	50.6527796127	1.521417	1366	0.912945628976	F29
F29_metabat_28	92.27	0.38	0.0	31	0	UID2655	k__Bacteria;p__Bacteroidetes;c__Bacteroidia;o__Bacteroidales;f__Porphyromonadaceae_2	g__Barnesiella	56.4752310362	2.2676939999999997	1843	0.900482604796	F29
F29_metabat_29	93.55	0.0	0.0	43	0	UID3304	k__Bacteria;p__Proteobacteria;c__Alphaproteobacteria	unresolved	43.8969222844	1.6695200000000001	1685	0.8842056399439999	F29
F29_metabat_32	40.8	3.04	0.0	26	0	UID1226	k__Bacteria;p__Firmicutes;c__Clostridia;o__Clostridiales	f__Ruminococcaceae	35.0853727493	0.880726	1006	0.8777451784100001	F29
F29_metabat_33	94.75	1.51	40.0	31	0	UID2654	k__Bacteria;p__Bacteroidetes;c__Bacteroidia;o__Bacteroidales	f__Porphyromonadaceae_2;g__Barnesiella	53.418024371099996	2.624835	2165	0.898963172923	F29
F29_metabat_37_sub	87.14	8.62	17.39	29	6	UID1248	k__Bacteria;p__Firmicutes;c__Clostridia;o__Clostridiales	unresolved	40.5680036287	4.389679	4359	0.844582485416	F29
F29_metabat_39_sub	71.07	6.06	60.0	31	5	UID1230	k__Bacteria;p__Firmicutes;c__Clostridia;o__Clostridiales	f__Oscillospiraceae;g__Oscillibacter;s__Oscillibacter_valericigenes	58.1003583424	3.5616980000000003	4170	0.861929338198	F29
F29_metabat_41	74.33	2.47	16.67	27	0	UID3259	k__Bacteria;p__Proteobacteria;c__Deltaproteobacteria;o__Desulfovibrionales;f__Desulfovibrionaceae;g__Desulfovibrio	g__Bilophila;s__Bilophila_wadsworthia	61.638720669499996	2.028436	2104	0.8693066973770001	F29
F29_metabat_43	79.91	4.11	20.0	40	1	UID1239	k__Bacteria;p__Firmicutes;c__Clostridia;o__Clostridiales;f__Ruminococcaceae	g__Ruminococcus	48.6623252937	2.5735330000000003	2843	0.83720006699	F29
F29_metabat_48	54.17	1.9	0.0	20	0	UID1346	k__Bacteria;p__Firmicutes;c__Clostridia;o__Clostridiales;f__Peptostreptococcaceae_2;g__Clostridium_2	unresolved	50.9657001787	1.925287	2194	0.880166437523	F29
F29_metabat_53	49.66	0.62	100.0	22	0	UID4182	k__Bacteria;p__Proteobacteria;c__Betaproteobacteria;o__Burkholderiales;f__Sutterellaceae;g__Sutterella	unresolved	44.410373032399995	1.177592	1367	0.891865773545	F29
F30_maxbin_05	96.55	1.15	50.0	43	0	UID1286	k__Bacteria;p__Firmicutes;c__Clostridia;o__Clostridiales;f__Lachnospiraceae	g__Butyrivibrio	50.681868440600006	4.137775	3800	0.900857586505	F30
F30_maxbin_07	85.66	0.5	0.0	42	0	UID2654	k__Bacteria;p__Bacteroidetes;c__Bacteroidia;o__Bacteroidales	f__Porphyromonadaceae_2;g__Barnesiella	52.6756210605	2.267169	1867	0.8904188439409999	F30
F30_maxbin_08	95.7	0.0	0.0	43	0	UID3304	k__Bacteria;p__Proteobacteria;c__Alphaproteobacteria	unresolved	43.7530094411	1.7243419999999998	1701	0.879566814472	F30
F30_maxbin_13_sub	88.06	2.64	25.0	41	0	UID2809	k__Bacteria;p__Bacteroidetes;c__Bacteroidia;o__Bacteroidales;f__Rikenellaceae;g__Alistipes	unresolved	64.2046137441	1.689097	1560	0.8783308477840001	F30
F30_maxbin_14	49.8	0.69	0.0	37	1	UID1226	k__Bacteria;p__Firmicutes;c__Clostridia;o__Clostridiales	f__Ruminococcaceae	30.0339707844	0.826887	905	0.868164573878	F30
F30_maxbin_26	88.17	0.54	0.0	41	0	UID2806	k__Bacteria;p__Bacteroidetes;c__Bacteroidia;o__Bacteroidales;f__Porphyromonadaceae;g__Odoribacter	s__Odoribacter_splanchnicus	43.7034814348	2.132885	1874	0.920628632111	F30
F30_maxbin_39	83.16	1.34	16.67	43	0	UID1226	k__Bacteria;p__Firmicutes;c__Clostridia;o__Clostridiales	f__Ruminococcaceae	27.540706576999998	1.796877	1838	0.903474750915	F30
F30_maxbin_42	99.04	0.48	100.0	43	0	UID2809	k__Bacteria;p__Bacteroidetes;c__Bacteroidia;o__Bacteroidales;f__Rikenellaceae;g__Alistipes	unresolved	54.9851642009	1.936195	1686	0.9162279625759999	F30
F30_metabat_02	49.35	0.0	0.0	41	0	UID2722	k__Bacteria;p__Bacteroidetes;c__Bacteroidia;o__Bacteroidales;f__Prevotellaceae;g__Prevotella	unresolved	48.6016869688	1.8769759999999998	1471	0.876845521733	F30
F30_metabat_03	97.96	0.0	0.0	43	0	UID3058	k__Bacteria;p__Verrucomicrobia;c__Verrucomicrobiae;o__Verrucomicrobiales;f__Verrucomicrobiaceae	g__Akkermansia;s__Akkermansia_muciniphila	55.616654123500005	2.717285	2324	0.884158268271	F30
F30_metabat_05	92.52	0.38	0.0	42	0	UID2654	k__Bacteria;p__Bacteroidetes;c__Bacteroidia;o__Bacteroidales	f__Porphyromonadaceae_2;g__Barnesiella	46.461109935100005	4.152533	3431	0.895021905907	F30
F30_metabat_06	97.36	0.0	0.0	43	0	UID2654	k__Bacteria;p__Bacteroidetes;c__Bacteroidia;o__Bacteroidales	f__Porphyromonadaceae_2;g__Barnesiella	55.0763618055	2.212859	1867	0.920710718577	F30
F30_metabat_10	99.06	1.38	0.0	43	0	UID2655	k__Bacteria;p__Bacteroidetes;c__Bacteroidia;o__Bacteroidales;f__Porphyromonadaceae_2	g__Barnesiella	48.5164126875	3.6043019999999997	3121	0.902721248109	F30
F30_metabat_11	92.31	1.14	0.0	42	0	UID2142	k__Bacteria	p__Cyanobacteria	33.8186194252	2.0077130000000003	1942	0.888643944628	F30
F30_metabat_12	81.41	0.37	0.0	28	3	UID2690	k__Bacteria;p__Bacteroidetes;c__Bacteroidia;o__Bacteroidales;f__Bacteroidaceae;g__Bacteroides	unresolved	42.7563431312	3.81998	3244	0.890568275227	F30
F30_metabat_14	98.22	0.9	20.0	36	0	UID2655	k__Bacteria;p__Bacteroidetes;c__Bacteroidia;o__Bacteroidales;f__Porphyromonadaceae_2	g__Barnesiella	48.617993589899996	2.8521490000000003	2342	0.896133056162	F30
F30_metabat_16	97.6	0.64	50.0	42	1	UID2808	k__Bacteria;p__Bacteroidetes;c__Bacteroidia;o__Bacteroidales;f__Rikenellaceae;g__Alistipes	unresolved	57.3143525902	2.040954	1732	0.8785087757979999	F30
F30_metabat_17	98.81	0.0	0.0	43	0	UID2655	k__Bacteria;p__Bacteroidetes;c__Bacteroidia;o__Bacteroidales;f__Porphyromonadaceae_2	g__Barnesiella	56.1220182117	2.418857	1954	0.891492965479	F30
F30_metabat_19_sub	97.92	0.38	0.0	43	0	UID2655	k__Bacteria;p__Bacteroidetes;c__Bacteroidia;o__Bacteroidales;f__Porphyromonadaceae_2	g__Barnesiella	54.9905497686	2.235395	1857	0.903697556808	F30
F30_metabat_21	96.86	0.94	0.0	42	0	UID2654	k__Bacteria;p__Bacteroidetes;c__Bacteroidia;o__Bacteroidales	f__Porphyromonadaceae_2;g__Barnesiella	46.87723871319999	2.951014	2584	0.9058533778560001	F30
F30_metabat_22	96.64	0.19	0.0	43	0	UID2655	k__Bacteria;p__Bacteroidetes;c__Bacteroidia;o__Bacteroidales;f__Porphyromonadaceae_2	g__Barnesiella	53.774354763000005	2.5158810000000003	2110	0.9257810683409999	F30
F30_metabat_24	97.45	0.0	0.0	29	0	UID4182	k__Bacteria;p__Proteobacteria;c__Betaproteobacteria;o__Burkholderiales;f__Sutterellaceae;g__Sutterella	unresolved	44.2216870717	2.552653	2305	0.8790528912469999	F30
F30_metabat_25	98.1	0.38	0.0	36	0	UID2655	k__Bacteria;p__Bacteroidetes;c__Bacteroidia;o__Bacteroidales;f__Porphyromonadaceae_2	g__Barnesiella	50.7810356763	2.569857	2096	0.888412857213	F30
F30_metabat_27	51.93	0.0	0.0	38	0	UID2655	k__Bacteria;p__Bacteroidetes;c__Bacteroidia;o__Bacteroidales;f__Porphyromonadaceae_2	g__Barnesiella	51.3726402746	1.03147	937	0.922560035677	F30
F30_metabat_28	92.77	2.83	30.0	43	0	UID2655	k__Bacteria;p__Bacteroidetes;c__Bacteroidia;o__Bacteroidales;f__Porphyromonadaceae_2	g__Barnesiella	59.053930925	2.454028	2073	0.906528776363	F30
F30_metabat_29	95.67	0.48	0.0	43	0	UID2809	k__Bacteria;p__Bacteroidetes;c__Bacteroidia;o__Bacteroidales;f__Rikenellaceae;g__Alistipes	unresolved	65.6417233286	1.9890880000000002	1756	0.887974790457	F30
F30_metabat_32	61.26	0.4	0.0	30	1	UID2655	k__Bacteria;p__Bacteroidetes;c__Bacteroidia;o__Bacteroidales;f__Porphyromonadaceae_2	g__Barnesiella	51.8520277879	1.726216	1495	0.9063413848559999	F30
F30_metabat_34	91.01	1.89	40.0	43	0	UID2654	k__Bacteria;p__Bacteroidetes;c__Bacteroidia;o__Bacteroidales	f__Porphyromonadaceae_2;g__Barnesiella	53.6828261548	2.5138759999999998	2071	0.897351738908	F30
F30_metabat_35	91.52	1.13	0.0	31	0	UID2654	k__Bacteria;p__Bacteroidetes;c__Bacteroidia;o__Bacteroidales	f__Porphyromonadaceae_2;g__Barnesiella	52.9702408254	1.981809	1691	0.929037561137	F30
F30_metabat_36	95.8	3.41	27.27	42	0	UID2655	k__Bacteria;p__Bacteroidetes;c__Bacteroidia;o__Bacteroidales;f__Porphyromonadaceae_2	g__Barnesiella	51.181462251400006	2.36512	2069	0.9194928798540001	F30
F30_metabat_40	91.68	0.57	0.0	17	0	UID2655	k__Bacteria;p__Bacteroidetes;c__Bacteroidia;o__Bacteroidales;f__Porphyromonadaceae_2	g__Barnesiella	56.0201847437	2.3667380000000002	2043	0.9033496736859999	F30
F30_metabat_43	90.45	0.38	0.0	43	0	UID2655	k__Bacteria;p__Bacteroidetes;c__Bacteroidia;o__Bacteroidales;f__Porphyromonadaceae_2	g__Barnesiella	54.5153960387	2.23564	1968	0.920469306328	F30
F30_metabat_44	86.44	1.2	33.33	40	0	UID2808	k__Bacteria;p__Bacteroidetes;c__Bacteroidia;o__Bacteroidales;f__Rikenellaceae;g__Alistipes	unresolved	58.2123237465	1.9864439999999999	1858	0.885820591972	F30
F31_maxbin_07	71.51	0.0	0.0	43	0	UID2655	k__Bacteria;p__Bacteroidetes;c__Bacteroidia;o__Bacteroidales;f__Porphyromonadaceae_2	g__Barnesiella	50.3025105417	1.639447	1467	0.9129535751989999	F31
F31_maxbin_08	96.88	1.6	25.0	43	0	UID2808	k__Bacteria;p__Bacteroidetes;c__Bacteroidia;o__Bacteroidales;f__Rikenellaceae;g__Alistipes	unresolved	57.5006329596	2.010797	1717	0.879870021688	F31
F31_maxbin_15	99.52	0.0	0.0	43	0	UID2809	k__Bacteria;p__Bacteroidetes;c__Bacteroidia;o__Bacteroidales;f__Rikenellaceae;g__Alistipes	unresolved	54.91475537149999	1.9495069999999999	1676	0.917629431441	F31
F31_maxbin_33	94.76	0.48	0.0	43	0	UID2617	k__Bacteria;p__Bacteroidetes;c__Bacteroidia;o__Bacteroidales	f__Rikenellaceae;g__Alistipes	49.0856870654	2.359786	2024	0.905917739998	F31
F31_maxbin_35	89.18	0.0	0.0	42	0	UID2809	k__Bacteria;p__Bacteroidetes;c__Bacteroidia;o__Bacteroidales;f__Rikenellaceae;g__Alistipes	unresolved	66.177401441	1.867358	1595	0.890135689032	F31
F31_metabat_04	99.44	0.0	0.0	43	0	UID2722	k__Bacteria;p__Bacteroidetes;c__Bacteroidia;o__Bacteroidales;f__Prevotellaceae;g__Prevotella	unresolved	47.6287292054	3.297382	2696	0.880422407837	F31
F31_metabat_05	65.39	7.04	0.0	26	1	UID2654	k__Bacteria;p__Bacteroidetes;c__Bacteroidia;o__Bacteroidales	f__Porphyromonadaceae_2;g__Barnesiella	54.365132278199994	1.7925970000000002	1578	0.9094905324510001	F31
F31_metabat_08	99.06	3.65	0.0	43	0	UID2655	k__Bacteria;p__Bacteroidetes;c__Bacteroidia;o__Bacteroidales;f__Porphyromonadaceae_2	g__Barnesiella	48.4163218563	3.6746839999999996	3182	0.902918182897	F31
F31_metabat_09	59.5	0.38	0.0	40	0	UID2655	k__Bacteria;p__Bacteroidetes;c__Bacteroidia;o__Bacteroidales;f__Porphyromonadaceae_2	g__Barnesiella	48.055892784300006	2.305557	1853	0.900225845642	F31
F31_metabat_11	94.71	2.87	0.0	42	1	UID1286	k__Bacteria;p__Firmicutes;c__Clostridia;o__Clostridiales;f__Lachnospiraceae	g__Butyrivibrio	45.991662679499996	4.552862	4132	0.893277020037	F31
F31_metabat_12	79.62	0.38	0.0	42	0	UID2654	k__Bacteria;p__Bacteroidetes;c__Bacteroidia;o__Bacteroidales	f__Porphyromonadaceae_2;g__Barnesiella	53.1143052704	2.069276	1669	0.8915847861759999	F31
F31_metabat_14	97.3	0.0	0.0	43	0	UID2655	k__Bacteria;p__Bacteroidetes;c__Bacteroidia;o__Bacteroidales;f__Porphyromonadaceae_2	g__Barnesiella	56.0445082762	2.437859	1964	0.8936402802619999	F31
F31_metabat_17	93.02	0.57	0.0	43	0	UID2655	k__Bacteria;p__Bacteroidetes;c__Bacteroidia;o__Bacteroidales;f__Porphyromonadaceae_2	g__Barnesiella	56.2489829164	2.316773	1844	0.897595060025	F31
F31_metabat_18	98.87	1.13	0.0	43	0	UID2655	k__Bacteria;p__Bacteroidetes;c__Bacteroidia;o__Bacteroidales;f__Porphyromonadaceae_2	g__Barnesiella	48.5816397786	2.9487810000000003	2445	0.895471722044	F31
F31_metabat_19	30.94	0.0	0.0	22	0	UID2655	k__Bacteria;p__Bacteroidetes;c__Bacteroidia;o__Bacteroidales;f__Porphyromonadaceae_2	g__Barnesiella	56.971828351199996	0.668325	565	0.920421950398	F31
F31_metabat_23	97.77	0.42	0.0	42	1	UID2690	k__Bacteria;p__Bacteroidetes;c__Bacteroidia;o__Bacteroidales;f__Bacteroidaceae;g__Bacteroides	unresolved	42.828645236199996	4.962519	4303	0.892159405334	F31
F31_metabat_24	94.4	0.0	0.0	43	0	UID2655	k__Bacteria;p__Bacteroidetes;c__Bacteroidia;o__Bacteroidales;f__Porphyromonadaceae_2	g__Barnesiella	55.0498782874	2.178904	1845	0.901914907678	F31
F31_metabat_27	98.3	0.94	0.0	43	0	UID2654	k__Bacteria;p__Bacteroidetes;c__Bacteroidia;o__Bacteroidales	f__Porphyromonadaceae_2;g__Barnesiella	52.71324097350001	2.9311439999999997	2434	0.8982854475929999	F31
F31_metabat_28	91.45	1.99	0.0	42	0	UID2142	k__Bacteria	p__Cyanobacteria	33.718598986399996	1.986262	1974	0.889927411389	F31
F31_metabat_29	96.19	1.51	16.67	41	1	UID2655	k__Bacteria;p__Bacteroidetes;c__Bacteroidia;o__Bacteroidales;f__Porphyromonadaceae_2	g__Barnesiella	51.2862253062	2.302396	1967	0.9183068420899999	F31
F31_metabat_32	92.44	0.27	0.0	41	0	UID2806	k__Bacteria;p__Bacteroidetes;c__Bacteroidia;o__Bacteroidales;f__Porphyromonadaceae;g__Odoribacter	s__Odoribacter_splanchnicus	43.4390117542	2.240981	2102	0.917478550688	F31
F31_metabat_34_sub	84.54	3.15	12.5	38	0	UID2809	k__Bacteria;p__Bacteroidetes;c__Bacteroidia;o__Bacteroidales;f__Rikenellaceae;g__Alistipes	unresolved	63.784411173500004	1.506887	1501	0.8787573321690001	F31
F31_metabat_35	66.94	1.97	46.15	20	1	UID2655	k__Bacteria;p__Bacteroidetes;c__Bacteroidia;o__Bacteroidales;f__Porphyromonadaceae_2	g__Barnesiella	48.715972909099996	1.7428759999999999	1583	0.9149228057529999	F31
F31_metabat_37	81.36	2.01	20.0	29	0	UID2655	k__Bacteria;p__Bacteroidetes;c__Bacteroidia;o__Bacteroidales;f__Porphyromonadaceae_2	g__Barnesiella	53.051950814799994	2.58543	2449	0.8911798037459999	F31
F31_metabat_40	85.53	0.54	100.0	36	1	UID3304	k__Bacteria;p__Proteobacteria;c__Alphaproteobacteria	unresolved	44.17262595060001	1.4460629999999999	1630	0.886036085565	F31
F31_metabat_45	55.8	1.34	66.67	31	0	UID1231	k__Bacteria;p__Firmicutes;c__Clostridia;o__Clostridiales	unresolved	61.8365057818	1.4843950000000001	1833	0.8788206643109999	F31
F32_maxbin_08	100.0	0.48	100.0	43	0	UID2809	k__Bacteria;p__Bacteroidetes;c__Bacteroidia;o__Bacteroidales;f__Rikenellaceae;g__Alistipes	unresolved	54.8821067051	1.9989990000000002	1748	0.913330121726	F32
F32_maxbin_09	72.43	3.66	42.86	37	1	UID1119	k__Bacteria;p__Firmicutes;c__Clostridia;o__Clostridiales	unresolved	49.783662991499995	1.311611	1389	0.8832778926070001	F32
F32_maxbin_26_sub	86.99	5.36	15.38	36	1	UID3058	k__Bacteria;p__Verrucomicrobia;c__Verrucomicrobiae;o__Verrucomicrobiales;f__Verrucomicrobiaceae	g__Akkermansia;s__Akkermansia_muciniphila	56.815848577	3.129769	3518	0.8951085527399999	F32
F32_maxbin_29	84.53	0.0	0.0	42	0	UID2654	k__Bacteria;p__Bacteroidetes;c__Bacteroidia;o__Bacteroidales	f__Porphyromonadaceae_2;g__Barnesiella	55.760634912600004	1.891988	1621	0.921611025017	F32
F32_maxbin_33	89.06	0.94	0.0	42	0	UID2654	k__Bacteria;p__Bacteroidetes;c__Bacteroidia;o__Bacteroidales	f__Porphyromonadaceae_2;g__Barnesiella	52.672580179899995	2.3614330000000003	1941	0.890229364966	F32
F32_metabat_02	51.57	0.38	0.0	38	0	UID2654	k__Bacteria;p__Bacteroidetes;c__Bacteroidia;o__Bacteroidales	f__Porphyromonadaceae_2;g__Barnesiella	47.8555699784	2.3143279999999997	1861	0.8971956438330001	F32
F32_metabat_05_sub	98.68	1.38	0.0	43	0	UID2655	k__Bacteria;p__Bacteroidetes;c__Bacteroidia;o__Bacteroidales;f__Porphyromonadaceae_2	g__Barnesiella	48.484742257200004	3.594439	3120	0.901917656691	F32
F32_metabat_09	98.68	1.13	0.0	43	0	UID2655	k__Bacteria;p__Bacteroidetes;c__Bacteroidia;o__Bacteroidales;f__Porphyromonadaceae_2	g__Barnesiella	48.496670128599995	2.981947	2468	0.8969572564499999	F32
F32_metabat_10	98.81	0.0	0.0	43	0	UID2655	k__Bacteria;p__Bacteroidetes;c__Bacteroidia;o__Bacteroidales;f__Porphyromonadaceae_2	g__Barnesiella	56.1756875318	2.440487	1975	0.891771601324	F32
F32_metabat_11	99.06	0.38	0.0	43	0	UID2655	k__Bacteria;p__Bacteroidetes;c__Bacteroidia;o__Bacteroidales;f__Porphyromonadaceae_2	g__Barnesiella	54.8869310787	2.261143	1892	0.902238823462	F32
F32_metabat_12	97.63	0.54	100.0	43	0	UID2806	k__Bacteria;p__Bacteroidetes;c__Bacteroidia;o__Bacteroidales;f__Porphyromonadaceae;g__Odoribacter	s__Odoribacter_splanchnicus	43.6260080225	2.3528740000000004	2094	0.923795324357	F32
F32_metabat_13	73.95	0.75	0.0	34	0	UID2655	k__Bacteria;p__Bacteroidetes;c__Bacteroidia;o__Bacteroidales;f__Porphyromonadaceae_2	g__Barnesiella	48.180396516	2.047634	1730	0.911638017341	F32
F32_metabat_14_sub	96.6	0.94	0.0	43	0	UID2655	k__Bacteria;p__Bacteroidetes;c__Bacteroidia;o__Bacteroidales;f__Porphyromonadaceae_2	g__Barnesiella	55.912321449	2.4966459999999997	2066	0.899931748434	F32
F32_metabat_17	97.5	2.5	14.29	43	0	UID4182	k__Bacteria;p__Proteobacteria;c__Betaproteobacteria;o__Burkholderiales;f__Sutterellaceae;g__Sutterella	unresolved	44.309481839499995	2.524109	2360	0.881802647984	F32
F32_metabat_18	94.71	2.29	0.0	40	2	UID2809	k__Bacteria;p__Bacteroidetes;c__Bacteroidia;o__Bacteroidales;f__Rikenellaceae;g__Alistipes	unresolved	63.888443404700006	1.6897970000000002	1548	0.8714750943459999	F32
F32_metabat_19	93.92	0.75	100.0	33	0	UID2654	k__Bacteria;p__Bacteroidetes;c__Bacteroidia;o__Bacteroidales	f__Porphyromonadaceae_2;g__Barnesiella	51.006489133900004	2.636045	2314	0.90248724889	F32
F32_metabat_20	97.22	1.82	37.5	39	0	UID2655	k__Bacteria;p__Bacteroidetes;c__Bacteroidia;o__Bacteroidales;f__Porphyromonadaceae_2	g__Barnesiella	53.8151489673	2.515485	2175	0.9257149217749999	F32
F32_metabat_22	95.98	1.32	50.0	42	0	UID2655	k__Bacteria;p__Bacteroidetes;c__Bacteroidia;o__Bacteroidales;f__Porphyromonadaceae_2	g__Barnesiella	52.808911878900005	2.016724	1746	0.930085624012	F32
F32_metabat_23	90.58	1.82	14.29	41	0	UID2655	k__Bacteria;p__Bacteroidetes;c__Bacteroidia;o__Bacteroidales;f__Porphyromonadaceae_2	g__Barnesiella	51.4530560633	2.1827099999999997	2040	0.920012736461	F32
F32_metabat_24_sub	89.18	3.04	9.09	36	0	UID2808	k__Bacteria;p__Bacteroidetes;c__Bacteroidia;o__Bacteroidales;f__Rikenellaceae;g__Alistipes	unresolved	57.42650336689999	2.046008	2017	0.8813435724590001	F32
F32_metabat_26	90.95	1.2	0.0	43	0	UID2809	k__Bacteria;p__Bacteroidetes;c__Bacteroidia;o__Bacteroidales;f__Rikenellaceae;g__Alistipes	unresolved	65.9103618857	1.809732	1690	0.886652830364	F32
F32_metabat_27	91.43	4.21	22.22	39	3	UID2690	k__Bacteria;p__Bacteroidetes;c__Bacteroidia;o__Bacteroidales;f__Bacteroidaceae;g__Bacteroides	unresolved	42.720733798400005	4.793251000000001	4560	0.8947263558700002	F32
F32_metabat_29	87.35	2.67	11.11	39	0	UID2722	k__Bacteria;p__Bacteroidetes;c__Bacteroidia;o__Bacteroidales;f__Prevotellaceae;g__Prevotella	unresolved	47.6629562058	2.890746	2755	0.881965070608	F32
F32_metabat_30	78.18	1.26	40.0	28	0	UID2655	k__Bacteria;p__Bacteroidetes;c__Bacteroidia;o__Bacteroidales;f__Porphyromonadaceae_2	g__Barnesiella	53.420602270500005	2.264265	2176	0.9032661812989999	F32
F32_metabat_32	86.48	2.07	25.0	34	1	UID2142	k__Bacteria	p__Cyanobacteria	33.5954517091	1.802875	1963	0.890644110102	F32
F32_metabat_35	84.28	2.03	14.29	40	0	UID2655	k__Bacteria;p__Bacteroidetes;c__Bacteroidia;o__Bacteroidales;f__Porphyromonadaceae_2	g__Barnesiella	54.674903977	2.054716	1964	0.9238410563799999	F32
F32_metabat_37	60.68	0.75	0.0	19	0	UID2655	k__Bacteria;p__Bacteroidetes;c__Bacteroidia;o__Bacteroidales;f__Porphyromonadaceae_2	g__Barnesiella	52.492720050200006	1.471164	1582	0.9028028146420001	F32
F32_metabat_38	77.9	2.34	11.11	32	1	UID2655	k__Bacteria;p__Bacteroidetes;c__Bacteroidia;o__Bacteroidales;f__Porphyromonadaceae_2	g__Barnesiella	59.031301023999994	2.169322	2104	0.9065390015870001	F32
F32_metabat_39	71.92	1.12	0.0	31	1	UID2808	k__Bacteria;p__Bacteroidetes;c__Bacteroidia;o__Bacteroidales;f__Rikenellaceae;g__Alistipes	unresolved	58.5427124196	1.531791	1611	0.8907951541689999	F32
F32_metabat_40	70.39	0.82	0.0	31	0	UID2655	k__Bacteria;p__Bacteroidetes;c__Bacteroidia;o__Bacteroidales;f__Porphyromonadaceae_2	g__Barnesiella	53.2577463974	2.229133	2225	0.897324654922	F32
